Gene_set,Term,Overlap,P-value,Adjusted P-value,Odds Ratio,Combined Score,Genes,go_id,go_name
gs_ind_0,GO:0002181_cytoplasmic translation,13/98,1.6793879090625898e-07,5.2186393469479287e-05,7.483559413998915,116.74102932351269,gene-RpL8;gene-RpS23;gene-RpL5;gene-RpL12;gene-RpL10Ab;gene-RpL30;gene-RpS2;gene-RpL4;gene-RpS24;gene-sta;gene-LOC142973394;gene-RpL18A;gene-RpS20,GO:0002181,cytoplasmic translation
gs_ind_0,GO:0003012_muscle system process,13/135,6.73864862260736e-06,0.001278878314681788,5.206404376183463,61.99604707950079,gene-wupA;gene-bent;gene-LOC142974453;gene-Tm2;gene-Pax;gene-Mlc1;gene-LOC142977753;gene-Sulf1;gene-LOC142987482;gene-TpnT;gene-Ih;gene-Mlc2;gene-Mhc,GO:0003012,muscle system process
gs_ind_0,GO:0003735_structural constituent of ribosome,17/160,6.015256380664959e-08,3.282074262700319e-05,5.84726696323567,97.21889285287014,gene-RpL8;gene-RpS23;gene-RpL5;gene-mRpS12;gene-RpL12;gene-RpL10Ab;gene-RpL30;gene-RpS2;gene-RpL4;gene-mRpL14;gene-mRpL27;gene-RpS24;gene-mRpL46;gene-mRpL39;gene-sta;gene-RpL18A;gene-RpS20,GO:0003735,structural constituent of ribosome
gs_ind_0,GO:0003779_actin binding,12/181,0.0005498965996871629,0.03809997869261057,3.4554766101530654,25.936048260620616,gene-wupA;gene-bent;gene-LOC142986440;gene-LOC142983813;gene-LOC142979051;gene-Tm2;gene-Mp20;gene-TpnT;gene-Zasp66;gene-LOC142977753;gene-Mhc;gene-LOC142985541,GO:0003779,actin binding
gs_ind_0,GO:0005198_structural molecule activity,36/390,1.1175819813299523e-13,4.878245348505241e-10,5.265130071871255,157.0190193568399,gene-RpL10Ab;gene-LOC142974687;gene-LOC142981253;gene-LOC142979051;gene-RpS24;gene-mRpL46;gene-LOC142982930;gene-LOC142987482;gene-mRpL39;gene-A1;gene-TpnT;gene-LOC142977753;gene-RpL8;gene-RpL5;gene-mRpS12;gene-bent;gene-Tm2;gene-Pax;gene-RpS20;gene-RpL30;gene-RpS2;gene-LOC142986440;gene-mRpL27;gene-LOC142986780;gene-Nup44A;gene-Ih;gene-RpL18A;gene-RpS23;gene-RpL12;gene-LOC142974453;gene-Rack1;gene-RpL4;gene-mRpL14;gene-LOC142974688;gene-sta;gene-Mhc,GO:0005198,structural molecule activity
gs_ind_0,GO:0005840_ribosome,18/188,1.2176177083247284e-07,5.128513887577281e-05,5.212094459021454,82.98279517010947,gene-RpL8;gene-RpS23;gene-RpL5;gene-mRpS12;gene-RpL12;gene-RpL10Ab;gene-RpL30;gene-RpS2;gene-RpL4;gene-Rack1;gene-mRpL14;gene-RpS24;gene-mRpL46;gene-mRpL27;gene-mRpL39;gene-sta;gene-RpL18A;gene-RpS20,GO:0005840,ribosome
gs_ind_0,GO:0005854_nascent polypeptide-associated complex,2/2,0.0004626162368828263,0.033103604491697323,228.37278106508876,1753.5861392126849,gene-bic;gene-Nacalpha,GO:0005854,nascent polypeptide-associated complex
gs_ind_0,GO:0005859_muscle myosin complex,4/10,3.9940663826985304e-05,0.006011758538096237,31.855788346842026,322.6391072088715,gene-LOC142986440;gene-bent;gene-Mhc;gene-Mlc1,GO:0005859,muscle myosin complex
gs_ind_0,GO:0005861_troponin complex,2/2,0.0004626162368828263,0.033103604491697323,228.37278106508876,1753.5861392126849,gene-TpnT;gene-wupA,GO:0005861,troponin complex
gs_ind_0,GO:0005862_muscle thin filament tropomyosin,2/2,0.0004626162368828263,0.033103604491697323,228.37278106508876,1753.5861392126849,gene-wupA;gene-Tm2,GO:0005862,muscle thin filament tropomyosin
gs_ind_0,GO:0006412_translation,27/315,8.82871995893771e-10,9.634340655190776e-07,4.709923432528471,98.19173432941962,gene-RpL10Ab;gene-RpS24;gene-mRpL46;gene-mRpL39;gene-LOC142981347;gene-RpL8;gene-RpL5;gene-mRpS12;gene-mIF2;gene-MetRS;gene-eEF1gamma;gene-RpS20;gene-RpL30;gene-RpS2;gene-mRpL27;gene-SerRS;gene-eIF3l;gene-RpL18A;gene-RpS23;gene-GlyRS;gene-RpL12;gene-Nacalpha;gene-RpL4;gene-Rack1;gene-mRpL14;gene-sta;gene-LOC142973394,GO:0006412,translation
gs_ind_0,GO:0006413_translational initiation,10/106,9.386575743555073e-05,0.011706400891605113,5.089169823665355,47.195153825285615,gene-RpL12;gene-RpS2;gene-RpL4;gene-mIF2;gene-RpS24;gene-eIF3l;gene-sta;gene-LOC142973394;gene-RpL18A;gene-RpS20,GO:0006413,translational initiation
gs_ind_0,GO:0006518_peptide metabolic process,32/397,1.058420712020648e-10,2.310003203985064e-07,4.46128162518324,102.4715034434396,gene-RpL10Ab;gene-GSTd3;gene-RpS24;gene-mRpL46;gene-mRpL39;gene-LOC142973763;gene-Spase22-23;gene-LOC142981347;gene-RpL8;gene-RpL5;gene-mRpS12;gene-mIF2;gene-MetRS;gene-eEF1gamma;gene-RpS20;gene-RpL30;gene-RpS2;gene-GSTd2;gene-mRpL27;gene-SerRS;gene-eIF3l;gene-RpL18A;gene-RpS23;gene-GlyRS;gene-RpL12;gene-Nacalpha;gene-RpL4;gene-Rack1;gene-mRpL14;gene-sta;gene-LOC142973394;gene-LOC142975624,GO:0006518,peptide metabolic process
gs_ind_0,GO:0006936_muscle contraction,12/107,3.1277381467121373e-06,0.0006205716822908399,6.17279637055592,78.24143134292282,gene-wupA;gene-bent;gene-LOC142974453;gene-Tm2;gene-Pax;gene-Mlc1;gene-Sulf1;gene-LOC142987482;gene-TpnT;gene-Ih;gene-LOC142977753;gene-Mhc,GO:0006936,muscle contraction
gs_ind_0,GO:0006942_regulation of striated muscle contraction,5/33,0.0006472596301815602,0.042807398268825916,8.898378681234023,65.33868628185482,gene-wupA;gene-bent;gene-TpnT;gene-Ih;gene-LOC142977753,GO:0006942,regulation of striated muscle contraction
gs_ind_0,GO:0008043_nan,2/2,0.0004626162368828263,0.033103604491697323,228.37278106508876,1753.5861392126849,gene-Fer1HCH;gene-Fer2LCH,GO:0008043,nan
gs_ind_0,GO:0008092_cytoskeletal protein binding,21/451,0.0007582835120476065,0.04728439328696861,2.3743180563087996,17.058176994990035,gene-wupA;gene-Obsc;gene-sgg;gene-LOC142979051;gene-LOC142986688;gene-TpnT;gene-LOC142977753;gene-LOC142972623;gene-bent;gene-Tm2;gene-Pax;gene-awd;gene-LOC142983813;gene-LOC142986440;gene-Stim;gene-Mp20;gene-Prm;gene-LOC142974453;gene-Achl;gene-Mhc;gene-LOC142985541,GO:0008092,cytoskeletal protein binding
gs_ind_0,GO:0008307_structural constituent of muscle,7/25,6.857982202078531e-07,0.00015755311743196202,18.859916254282453,267.67280133914005,gene-bent;gene-LOC142986440;gene-Tm2;gene-LOC142974453;gene-LOC142987482;gene-LOC142977753;gene-Mhc,GO:0008307,structural constituent of muscle
gs_ind_0,GO:0010927_cellular component assembly involved in morphogenesis,12/156,0.00013959906487603563,0.015233747954597388,4.062191370085901,36.059000642867964,gene-wupA;gene-Prm;gene-bent;gene-Obsc;gene-Nacalpha;gene-LOC142985614;gene-LOC142986440;gene-LOC142974453;gene-Pax;gene-TpnT;gene-Mlc2;gene-Mhc,GO:0010927,cellular component assembly involved in morphogenesis
gs_ind_0,GO:0015629_actin cytoskeleton,19/205,9.043141252895554e-08,4.385923507654344e-05,5.036671975695605,81.68814155500056,gene-wupA;gene-LOC142974687;gene-A1;gene-TpnT;gene-LOC142981347;gene-LOC142977753;gene-bent;gene-Tm2;gene-Pax;gene-LOC142983813;gene-LOC142986440;gene-Mp20;gene-Prm;gene-LOC142974453;gene-Mlc1;gene-LOC142974688;gene-Mlc2;gene-Mhc;gene-LOC142985541,GO:0015629,actin cytoskeleton
gs_ind_0,GO:0015934_large ribosomal subunit,11/101,1.0762195217171145e-05,0.001879079284918082,5.9708165271328335,68.30298255367642,gene-RpL8;gene-RpL12;gene-RpL5;gene-RpL10Ab;gene-RpL30;gene-RpL4;gene-mRpL14;gene-mRpL27;gene-mRpL46;gene-mRpL39;gene-RpL18A,GO:0015934,large ribosomal subunit
gs_ind_0,GO:0015935_small ribosomal subunit,7/69,0.000686865547248259,0.04409070755498016,5.561287726358149,40.50492728156588,gene-RpS23;gene-mRpS12;gene-RpS2;gene-Rack1;gene-RpS24;gene-sta;gene-RpS20,GO:0015935,small ribosomal subunit
gs_ind_0,GO:0016459_myosin complex,6/27,1.9109320871225003e-05,0.003089340207514709,14.004520669245467,152.16379931783268,gene-Prm;gene-bent;gene-LOC142986440;gene-Mlc1;gene-Mlc2;gene-Mhc,GO:0016459,myosin complex
gs_ind_0,GO:0016460_myosin II complex,5/22,8.714752255421809e-05,0.011527240483307938,14.50544625035643,135.5955801482206,gene-bent;gene-LOC142986440;gene-Mlc1;gene-TpnC25D;gene-Mhc,GO:0016460,myosin II complex
gs_ind_0,GO:0017095_heparan sulfate 6-sulfotransferase activity,2/2,0.0004626162368828263,0.033103604491697323,228.37278106508876,1753.5861392126849,gene-Sulf1;gene-Hs6st,GO:0017095,heparan sulfate 6-sulfotransferase activity
gs_ind_0,GO:0022625_cytosolic large ribosomal subunit,7/53,0.00013144879162666092,0.01471215321667628,7.485233984552476,66.8947366930397,gene-RpL8;gene-RpL12;gene-RpL5;gene-RpL10Ab;gene-RpL30;gene-RpL4;gene-RpL18A,GO:0022625,cytosolic large ribosomal subunit
gs_ind_0,GO:0022626_cytosolic ribosome,12/92,6.094377492813161e-07,0.0001564821044478203,7.332572346856786,104.93445592905859,gene-RpL8;gene-RpS23;gene-RpL5;gene-RpL12;gene-RpL10Ab;gene-RpL30;gene-RpS2;gene-RpL4;gene-RpS24;gene-sta;gene-RpL18A;gene-RpS20,GO:0022626,cytosolic ribosome
gs_ind_0,GO:0030016_myofibril,15/148,6.792274286903303e-07,0.00015755311743196202,5.525481401885896,78.474598768402,gene-wupA;gene-Prm;gene-bent;gene-Obsc;gene-LOC142983813;gene-LOC142986440;gene-LOC142974453;gene-RpL4;gene-Pax;gene-Tm2;gene-LOC142987482;gene-Mf;gene-TpnT;gene-Mlc2;gene-Mhc,GO:0030016,myofibril
gs_ind_0,GO:0030017_sarcomere,14/132,9.278825535308605e-07,0.0002025103673081103,5.806789492535227,80.65840039110131,gene-wupA;gene-Prm;gene-bent;gene-Obsc;gene-LOC142983813;gene-LOC142986440;gene-LOC142974453;gene-RpL4;gene-Pax;gene-Tm2;gene-LOC142987482;gene-Mf;gene-TpnT;gene-Mhc,GO:0030017,sarcomere
gs_ind_0,GO:0030172_troponin C binding,2/2,0.0004626162368828263,0.033103604491697323,228.37278106508876,1753.5861392126849,gene-TpnT;gene-wupA,GO:0030172,troponin C binding
gs_ind_0,GO:0030239_myofibril assembly,10/68,1.754837768799247e-06,0.0003647555648004149,8.422737479763956,111.62766968532408,gene-wupA;gene-Prm;gene-bent;gene-Obsc;gene-Nacalpha;gene-LOC142986440;gene-LOC142974453;gene-TpnT;gene-Mlc2;gene-Mhc,GO:0030239,myofibril assembly
gs_ind_0,GO:0031014_troponin T binding,2/2,0.0004626162368828263,0.033103604491697323,228.37278106508876,1753.5861392126849,gene-TpnT;gene-wupA,GO:0031014,troponin T binding
gs_ind_0,GO:0031032_actomyosin structure organization,10/124,0.00034283100219433145,0.030539945399556262,4.282402013536228,34.16617209076452,gene-wupA;gene-Prm;gene-bent;gene-Obsc;gene-Nacalpha;gene-LOC142986440;gene-LOC142974453;gene-TpnT;gene-Mlc2;gene-Mhc,GO:0031032,actomyosin structure organization
gs_ind_0,GO:0031672_A band,7/61,0.0003213990644269138,0.029849083323903805,6.3820537906337105,51.329754642293565,gene-Prm;gene-bent;gene-Obsc;gene-RpL4;gene-Pax;gene-Mf;gene-Mhc,GO:0031672,A band
gs_ind_0,GO:0032982_myosin filament,3/6,0.00018853330047187514,0.018703360376357614,45.84356435643564,393.1652227087559,gene-LOC142986440;gene-Prm;gene-Mhc,GO:0032982,myosin filament
gs_ind_0,GO:0034755_iron ion transmembrane transport,3/8,0.0005112196768510162,0.03599151434604332,29.168136813681368,221.0568841072762,gene-Fer1HCH;gene-Zip99C;gene-Fer2LCH,GO:0034755,iron ion transmembrane transport
gs_ind_0,GO:0036379_myofilament,5/14,7.63117402769471e-06,0.0013879197762869755,26.73904821935077,315.07339408359496,gene-wupA;gene-LOC142986440;gene-Tm2;gene-TpnT;gene-Mhc,GO:0036379,myofilament
gs_ind_0,GO:0042692_muscle cell differentiation,14/223,0.00033818114254919907,0.030539945399556262,3.2584285763698446,26.04112944726018,gene-wupA;gene-Prm;gene-bent;gene-Obsc;gene-Nacalpha;gene-LOC142986440;gene-Csk;gene-sgg;gene-LOC142974453;gene-Stim;gene-Mp20;gene-TpnT;gene-Mlc2;gene-Mhc,GO:0042692,muscle cell differentiation
gs_ind_0,GO:0043043_peptide biosynthetic process,28/320,2.6152733492874205e-10,3.805222723213197e-07,4.83389123696816,106.65730767016265,gene-RpL10Ab;gene-RpS24;gene-mRpL46;gene-mRpL39;gene-LOC142981347;gene-RpL8;gene-RpL5;gene-mRpS12;gene-mIF2;gene-MetRS;gene-eEF1gamma;gene-RpS20;gene-RpL30;gene-RpS2;gene-mRpL27;gene-SerRS;gene-eIF3l;gene-RpL18A;gene-RpS23;gene-GlyRS;gene-RpL12;gene-Nacalpha;gene-RpL4;gene-Rack1;gene-mRpL14;gene-sta;gene-LOC142973394;gene-LOC142975624,GO:0043043,peptide biosynthetic process
gs_ind_0,GO:0043050_nematode pharyngeal pumping,4/13,0.00012921087595980666,0.01471215321667628,21.790415402322903,195.1127913330938,gene-wupA;gene-Csk;gene-Mhc;gene-Pax,GO:0043050,nematode pharyngeal pumping
gs_ind_0,GO:0043292_contractile muscle fiber,17/172,1.7400611573627386e-07,5.2186393469479287e-05,5.390368527843502,83.89664118646377,gene-wupA;gene-Prm;gene-bent;gene-Obsc;gene-LOC142983813;gene-LOC142986440;gene-LOC142974453;gene-RpL4;gene-Pax;gene-Mlc1;gene-Tm2;gene-LOC142987482;gene-Mf;gene-LOC142978752;gene-TpnT;gene-Mlc2;gene-Mhc,GO:0043292,contractile muscle fiber
gs_ind_0,GO:0043603_amide metabolic process,37/608,9.080347591086911e-09,6.647531959152102e-06,3.30561511618828,61.21058206917603,gene-LOC142987562;gene-RpL10Ab;gene-GSTd3;gene-LOC142973055;gene-RpS24;gene-mRpL46;gene-mRpL39;gene-LOC142973763;gene-Spase22-23;gene-LOC142981347;gene-RpL8;gene-LOC142981792;gene-RpL5;gene-mRpS12;gene-mIF2;gene-MetRS;gene-eEF1gamma;gene-RpS20;gene-LOC142975743;gene-RpL30;gene-RpS2;gene-GSTd2;gene-LOC142984745;gene-mRpL27;gene-SerRS;gene-eIF3l;gene-RpL18A;gene-RpS23;gene-GlyRS;gene-RpL12;gene-Nacalpha;gene-RpL4;gene-Rack1;gene-mRpL14;gene-sta;gene-LOC142973394;gene-LOC142975624,GO:0043603,amide metabolic process
gs_ind_0,GO:0043604_amide biosynthetic process,29/399,9.137500974779521e-09,6.647531959152102e-06,3.9401530656323267,72.93569626583907,gene-RpL10Ab;gene-LOC142973055;gene-RpS24;gene-mRpL46;gene-mRpL39;gene-LOC142981347;gene-RpL8;gene-RpL5;gene-mRpS12;gene-mIF2;gene-MetRS;gene-eEF1gamma;gene-RpS20;gene-RpL30;gene-RpS2;gene-mRpL27;gene-SerRS;gene-eIF3l;gene-RpL18A;gene-RpS23;gene-GlyRS;gene-RpL12;gene-Nacalpha;gene-RpL4;gene-Rack1;gene-mRpL14;gene-sta;gene-LOC142973394;gene-LOC142975624,GO:0043604,amide biosynthetic process
gs_ind_0,GO:0044391_ribosomal subunit,18/162,1.1976308417822002e-08,7.4680837491132914e-06,6.163926425059188,112.43208560311285,gene-RpL8;gene-RpS23;gene-RpL5;gene-mRpS12;gene-RpL12;gene-RpL10Ab;gene-RpL30;gene-RpS2;gene-RpL4;gene-Rack1;gene-mRpL14;gene-RpS24;gene-mRpL46;gene-mRpL27;gene-mRpL39;gene-sta;gene-RpL18A;gene-RpS20,GO:0044391,ribosomal subunit
gs_ind_0,GO:0044445_nan,12/164,0.00022335792537483685,0.021194724875242668,3.8463998384219207,32.33566424831924,gene-RpL8;gene-RpS23;gene-RpL5;gene-RpL12;gene-RpL10Ab;gene-RpL30;gene-RpS2;gene-RpL4;gene-RpS24;gene-sta;gene-RpL18A;gene-RpS20,GO:0044445,nan
gs_ind_0,GO:0044449_nan,16/158,2.897062567685861e-07,7.90354881746799e-05,5.529128667179431,83.23770540117624,gene-wupA;gene-Prm;gene-bent;gene-Obsc;gene-LOC142983813;gene-LOC142986440;gene-LOC142974453;gene-RpL4;gene-Pax;gene-Mlc1;gene-Tm2;gene-LOC142987482;gene-Mf;gene-LOC142978752;gene-TpnT;gene-Mhc,GO:0044449,nan
gs_ind_0,GO:0045047_protein targeting to ER,7/69,0.000686865547248259,0.04409070755498016,5.561287726358149,40.50492728156588,gene-RpL12;gene-RpS2;gene-RpL4;gene-sta;gene-Spase22-23;gene-RpL18A;gene-RpS20,GO:0045047,protein targeting to ER
gs_ind_0,GO:0045214_sarcomere organization,7/47,5.9865422997743695e-05,0.008429437786617781,8.598628809896416,83.60800595308088,gene-wupA;gene-bent;gene-Obsc;gene-LOC142986440;gene-LOC142974453;gene-TpnT;gene-Mhc,GO:0045214,sarcomere organization
gs_ind_0,GO:0050764_regulation of phagocytosis,7/55,0.00016683010188485513,0.01776130231042421,7.175319961003132,62.41476907160826,gene-Csk;gene-sgg;gene-Stim;gene-Rack1;gene-LOC142987482;gene-Atg3;gene-awd,GO:0050764,regulation of phagocytosis
gs_ind_0,GO:0051146_striated muscle cell differentiation,14/190,6.264516077881503e-05,0.008545191462485238,3.8788790550091203,37.53988505978072,gene-wupA;gene-Prm;gene-bent;gene-Obsc;gene-Nacalpha;gene-LOC142986440;gene-Csk;gene-sgg;gene-LOC142974453;gene-Stim;gene-Mp20;gene-TpnT;gene-Mlc2;gene-Mhc,GO:0051146,striated muscle cell differentiation
gs_ind_0,GO:0051147_regulation of muscle cell differentiation,9/95,0.0002034478808713537,0.01973444444452131,5.120414121399008,43.52403565523108,gene-Prm;gene-bent;gene-Nacalpha;gene-sgg;gene-LOC142974453;gene-Tm2;gene-Pax;gene-Mp20;gene-yps,GO:0051147,regulation of muscle cell differentiation
gs_ind_0,GO:0051153_regulation of striated muscle cell differentiation,9/67,1.2501594815686744e-05,0.0020988254373258707,7.589656906086926,85.68460300265036,gene-Prm;gene-bent;gene-Nacalpha;gene-sgg;gene-Tm2;gene-LOC142974453;gene-Pax;gene-Mp20;gene-yps,GO:0051153,regulation of striated muscle cell differentiation
gs_ind_0,GO:0051155_positive regulation of striated muscle cell differentiation,5/33,0.0006472596301815602,0.042807398268825916,8.898378681234023,65.33868628185482,gene-Prm;gene-bent;gene-sgg;gene-LOC142974453;gene-Tm2,GO:0051155,positive regulation of striated muscle cell differentiation
gs_ind_0,GO:0055001_muscle cell development,11/130,0.00011361421063653296,0.01377572303967962,4.5104174688331575,40.96677761106228,gene-wupA;gene-Prm;gene-bent;gene-Obsc;gene-Nacalpha;gene-LOC142986440;gene-Csk;gene-LOC142974453;gene-TpnT;gene-Mlc2;gene-Mhc,GO:0055001,muscle cell development
gs_ind_0,GO:0055002_striated muscle cell development,11/121,5.9179289112344535e-05,0.008429437786617781,4.881612673384597,47.52220122289913,gene-wupA;gene-Prm;gene-bent;gene-Obsc;gene-Nacalpha;gene-LOC142986440;gene-Csk;gene-LOC142974453;gene-TpnT;gene-Mlc2;gene-Mhc,GO:0055002,striated muscle cell development
gs_ind_0,GO:0060298_positive regulation of sarcomere organization,3/9,0.0007546410926292852,0.04728439328696861,24.678598629093678,177.42106670749104,gene-Tm2;gene-Prm;gene-bent,GO:0060298,positive regulation of sarcomere organization
gs_ind_0,GO:0061061_muscle structure development,22/415,9.245686290670335e-05,0.011706400891605113,2.7390899765732772,25.442772334715446,gene-wupA;gene-Obsc;gene-Csk;gene-sgg;gene-LOC142987482;gene-TpnT;gene-Zasp66;gene-LOC142977753;gene-bent;gene-Pax;gene-LOC142986440;gene-Stim;gene-LOC142986780;gene-Mp20;gene-LOC142983795;gene-Prm;gene-Nacalpha;gene-LOC142974453;gene-LOC142980898;gene-Pdp1;gene-Mlc2;gene-Mhc,GO:0061061,muscle structure development
gs_ind_0,GO:0070288_ferritin complex,2/2,0.0004626162368828263,0.033103604491697323,228.37278106508876,1753.5861392126849,gene-Fer1HCH;gene-Fer2LCH,GO:0070288,ferritin complex
gs_ind_0,GO:0070972_protein localization to endoplasmic reticulum,8/82,0.00037504809381176153,0.032741698589766784,5.303409938309267,41.83571748658276,gene-RpL12;gene-RpS2;gene-PPP1R15;gene-RpL4;gene-sta;gene-Spase22-23;gene-RpL18A;gene-RpS20,GO:0070972,protein localization to endoplasmic reticulum
gs_ind_0,GO:0097433_dense body,3/6,0.00018853330047187514,0.018703360376357614,45.84356435643564,393.1652227087559,gene-A1;gene-LOC142974687;gene-LOC142974688,GO:0097433,dense body
gs_ind_0,GO:0098754_detoxification,8/70,0.0001240314000254771,0.01463235300300561,6.328258585858586,56.9225328258379,gene-LOC142975743;gene-GSTd3;gene-Fdh;gene-GSTd2;gene-LOC142986780;gene-Fer1HCH;gene-Zip99C;gene-Fer2LCH,GO:0098754,detoxification
gs_ind_0,GO:0099080_supramolecular complex,25/354,1.7933468546212813e-07,5.2186393469479287e-05,3.7770005826220627,58.67197247163851,gene-wupA;gene-Obsc;gene-LOC142974687;gene-sgg;gene-LOC142979051;gene-LOC142982930;gene-LOC142987482;gene-A1;gene-TpnT;gene-bent;gene-Tm2;gene-Pax;gene-LOC142978752;gene-awd;gene-LOC142983813;gene-LOC142986440;gene-Mf;gene-Prm;gene-LOC142974453;gene-RpL4;gene-Mlc1;gene-LOC142974688;gene-Mlc2;gene-Mhc;gene-LOC142985541,GO:0099080,supramolecular complex
gs_ind_0,GO:0099081_supramolecular polymer,25/350,1.442785313998531e-07,5.2186393469479287e-05,3.824774833311675,60.24601789353897,gene-wupA;gene-Obsc;gene-LOC142974687;gene-sgg;gene-LOC142979051;gene-LOC142982930;gene-LOC142987482;gene-A1;gene-TpnT;gene-bent;gene-Tm2;gene-Pax;gene-LOC142978752;gene-awd;gene-LOC142983813;gene-LOC142986440;gene-Mf;gene-Prm;gene-LOC142974453;gene-RpL4;gene-Mlc1;gene-LOC142974688;gene-Mlc2;gene-Mhc;gene-LOC142985541,GO:0099081,supramolecular polymer
gs_ind_0,GO:0099512_supramolecular fiber,25/348,1.2924089980148933e-07,5.128513887577281e-05,3.8491049965299546,61.05291659892168,gene-wupA;gene-Obsc;gene-LOC142974687;gene-sgg;gene-LOC142979051;gene-LOC142982930;gene-LOC142987482;gene-A1;gene-TpnT;gene-bent;gene-Tm2;gene-Pax;gene-LOC142978752;gene-awd;gene-LOC142983813;gene-LOC142986440;gene-Mf;gene-Prm;gene-LOC142974453;gene-RpL4;gene-Mlc1;gene-LOC142974688;gene-Mlc2;gene-Mhc;gene-LOC142985541,GO:0099512,supramolecular fiber
gs_ind_0,GO:1901074_regulation of engulfment of apoptotic cell,4/17,0.0004018248377332164,0.033103604491697323,15.328694499668655,119.86263913375674,gene-LOC142987482;gene-sgg;gene-Stim;gene-awd,GO:1901074,regulation of engulfment of apoptotic cell
gs_ind_0,GO:1901566_nan,38/960,0.00017864674029185125,0.01856650050890311,2.044794567485905,17.64678204671198,gene-RpL10Ab;gene-LOC142973055;gene-RpS24;gene-slgA;gene-mRpL46;gene-mRpL39;gene-LOC142981347;gene-LOC142974253;gene-RpL8;gene-RpL5;gene-mRpS12;gene-LOC142985182;gene-mIF2;gene-LOC142978752;gene-MetRS;gene-eEF1gamma;gene-awd;gene-RpS20;gene-Hs6st;gene-RpL30;gene-RpS2;gene-mRpL27;gene-SerRS;gene-eIF3l;gene-Sulf1;gene-LOC142981595;gene-RpL18A;gene-LOC142987478;gene-RpS23;gene-GlyRS;gene-RpL12;gene-Nacalpha;gene-RpL4;gene-Rack1;gene-mRpL14;gene-sta;gene-LOC142973394;gene-LOC142975624,GO:1901566,nan
gs_ind_0,GO:1990461_detoxification of iron ion,2/2,0.0004626162368828263,0.033103604491697323,228.37278106508876,1753.5861392126849,gene-Fer1HCH;gene-Fer2LCH,GO:1990461,detoxification of iron ion
gs_ind_0,GO:1990584_cardiac Troponin complex,2/2,0.0004626162368828263,0.033103604491697323,228.37278106508876,1753.5861392126849,gene-TpnT;gene-wupA,GO:1990584,cardiac Troponin complex
gs_ind_0,GO:1990904_ribonucleoprotein complex,31/660,3.50686113916795e-05,0.005466946025881466,2.440578392367825,25.035951246379675,gene-RpL10Ab;gene-LOC142985614;gene-sgg;gene-LOC142977695;gene-RpS24;gene-mRpL46;gene-LOC142984164;gene-mRpL39;gene-LOC142978182;gene-RpL8;gene-RpL5;gene-mRpS12;gene-qin;gene-LOC142983189;gene-yps;gene-LOC142983437;gene-RpS20;gene-RpL30;gene-RpS2;gene-LOC142987118;gene-mRpL27;gene-RpL18A;gene-RpS23;gene-RpL12;gene-LOC142985757;gene-RpL4;gene-Rack1;gene-mRpL14;gene-Achl;gene-sta;gene-LOC142973394,GO:1990904,ribonucleoprotein complex
gs_ind_0,GO:2000425_regulation of apoptotic cell clearance,4/19,0.0006325686992425134,0.042807398268825916,13.348489706919771,98.32126066834304,gene-Stim;gene-LOC142987482;gene-sgg;gene-awd,GO:2000425,regulation of apoptotic cell clearance
