pfam_accession,genes_com_dominio_universo,genes_com_dominio_DE,odds_ratio,pvalue,padj
PF24161.2,9,4,36.886055776892434,2.437684529447755e-05,0.010018883416030272
PF11465.15,5,3,68.9047619047619,9.579397287746038e-05,0.013123774284212072
PF28321.1,5,3,68.9047619047619,9.579397287746038e-05,0.013123774284212072
PF00210.31,2,2,inf,0.0004626162368828263,0.0237669091698552
PF01849.24,2,2,inf,0.0004626162368828263,0.0237669091698552
PF00261.26,2,2,inf,0.0004626162368828263,0.0237669091698552
PF00164.32,2,2,inf,0.0004626162368828263,0.0237669091698552
PF00992.26,2,2,inf,0.0004626162368828263,0.0237669091698552
PF01576.25,3,2,91.51778656126483,0.0013680630783382166,0.0562273925197007
PF17180.11,3,2,91.51778656126483,0.0013680630783382166,0.0562273925197007
PF00022.26,12,3,15.302910052910052,0.0018838776364452315,0.07038851896172638
PF00458.26,4,2,45.75494071146245,0.0026971870956918587,0.0852726074099503
PF19220.7,4,2,45.75494071146245,0.0026971870956918587,0.0852726074099503
PF13499.13,66,5,3.776065573770492,0.013732006774276146,0.11653960600817519
PF14374.12,1,1,inf,0.02154990281416378,0.11653960600817519
PF25833.1,1,1,inf,0.02154990281416378,0.11653960600817519
PF12640.13,1,1,inf,0.02154990281416378,0.11653960600817519
PF03657.20,1,1,inf,0.02154990281416378,0.11653960600817519
PF05224.18,1,1,inf,0.02154990281416378,0.11653960600817519
PF01016.25,1,1,inf,0.02154990281416378,0.11653960600817519
PF25305.2,19,3,8.602678571428571,0.007423487786477008,0.11653960600817519
PF04573.18,1,1,inf,0.02154990281416378,0.11653960600817519
PF15228.12,1,1,inf,0.02154990281416378,0.11653960600817519
PF25281.1,1,1,inf,0.02154990281416378,0.11653960600817519
PF15929.11,1,1,inf,0.02154990281416378,0.11653960600817519
PF23725.2,1,1,inf,0.02154990281416378,0.11653960600817519
PF00587.31,7,2,18.297233201581026,0.009044198653861,0.11653960600817519
PF16655.13,1,1,inf,0.02154990281416378,0.11653960600817519
PF17877.8,1,1,inf,0.02154990281416378,0.11653960600817519
PF01966.29,1,1,inf,0.02154990281416378,0.11653960600817519
PF11968.15,1,1,inf,0.02154990281416378,0.11653960600817519
PF11788.15,1,1,inf,0.02154990281416378,0.11653960600817519
PF13884.12,1,1,inf,0.02154990281416378,0.11653960600817519
PF03535.19,1,1,inf,0.02154990281416378,0.11653960600817519
PF21605.4,1,1,inf,0.02154990281416378,0.11653960600817519
PF16533.11,1,1,inf,0.02154990281416378,0.11653960600817519
PF12548.14,1,1,inf,0.02154990281416378,0.11653960600817519
PF19303.6,1,1,inf,0.02154990281416378,0.11653960600817519
PF25059.2,25,3,6.253246753246753,0.01602761849661088,0.11653960600817519
PF08412.16,1,1,inf,0.02154990281416378,0.11653960600817519
PF17833.8,1,1,inf,0.02154990281416378,0.11653960600817519
PF02403.28,1,1,inf,0.02154990281416378,0.11653960600817519
PF01282.26,1,1,inf,0.02154990281416378,0.11653960600817519
PF16126.12,1,1,inf,0.02154990281416378,0.11653960600817519
PF13887.12,1,1,inf,0.02154990281416378,0.11653960600817519
PF08205.19,56,5,4.520392156862745,0.006976082664953574,0.11653960600817519
PF06293.21,9,2,13.067193675889328,0.015069634661502912,0.11653960600817519
PF05404.18,1,1,inf,0.02154990281416378,0.11653960600817519
PF10255.16,1,1,inf,0.02154990281416378,0.11653960600817519
PF24489.2,1,1,inf,0.02154990281416378,0.11653960600817519
PF00043.31,22,3,7.242481203007519,0.011251198546331272,0.11653960600817519
PF01619.25,1,1,inf,0.02154990281416378,0.11653960600817519
PF01147.23,1,1,inf,0.02154990281416378,0.11653960600817519
PF02271.22,1,1,inf,0.02154990281416378,0.11653960600817519
PF15501.12,1,1,inf,0.02154990281416378,0.11653960600817519
PF12795.13,1,1,inf,0.02154990281416378,0.11653960600817519
PF20173.4,1,1,inf,0.02154990281416378,0.11653960600817519
PF13023.13,1,1,inf,0.02154990281416378,0.11653960600817519
PF13409.13,24,3,6.551587301587301,0.014328131562937057,0.11653960600817519
PF12510.14,1,1,inf,0.02154990281416378,0.11653960600817519
PF10469.16,1,1,inf,0.02154990281416378,0.11653960600817519
PF16122.11,1,1,inf,0.02154990281416378,0.11653960600817519
PF09445.17,1,1,inf,0.02154990281416378,0.11653960600817519
PF14204.12,1,1,inf,0.02154990281416378,0.11653960600817519
PF23724.2,1,1,inf,0.02154990281416378,0.11653960600817519
PF02936.20,1,1,inf,0.02154990281416378,0.11653960600817519
PF24518.2,1,1,inf,0.02154990281416378,0.11653960600817519
PF00647.25,1,1,inf,0.02154990281416378,0.11653960600817519
PF07686.24,96,7,3.6436661833997825,0.004648721376699933,0.11653960600817519
PF02046.21,1,1,inf,0.02154990281416378,0.11653960600817519
PF17144.10,1,1,inf,0.02154990281416378,0.11653960600817519
PF00079.26,32,4,6.573705179282869,0.004712737795215186,0.11653960600817519
PF13927.13,124,8,3.2003350551444925,0.005353672488775037,0.11653960600817519
PF01775.23,1,1,inf,0.02154990281416378,0.11653960600817519
PF23415.2,1,1,inf,0.02154990281416378,0.11653960600817519
PF18485.8,1,1,inf,0.02154990281416378,0.11653960600817519
PF13417.13,29,3,5.289377289377289,0.023913121398754185,0.12440877082136671
PF02798.27,29,3,5.289377289377289,0.023913121398754185,0.12440877082136671
PF08246.18,29,3,5.289377289377289,0.023913121398754185,0.12440877082136671
PF00567.31,12,2,9.144664031620554,0.02647903468272769,0.1360360406825135
PF00333.27,2,1,45.57874015748032,0.04263718939144474,0.1369053503115921
PF25578.2,2,1,45.57874015748032,0.04263718939144474,0.1369053503115921
PF17763.7,2,1,45.57874015748032,0.04263718939144474,0.1369053503115921
PF03946.20,2,1,45.57874015748032,0.04263718939144474,0.1369053503115921
PF16020.11,2,1,45.57874015748032,0.04263718939144474,0.1369053503115921
PF03947.25,2,1,45.57874015748032,0.04263718939144474,0.1369053503115921
PF00238.25,2,1,45.57874015748032,0.04263718939144474,0.1369053503115921
PF06009.20,2,1,45.57874015748032,0.04263718939144474,0.1369053503115921
PF00710.26,2,1,45.57874015748032,0.04263718939144474,0.1369053503115921
PF23490.1,2,1,45.57874015748032,0.04263718939144474,0.1369053503115921
PF03476.22,2,1,45.57874015748032,0.04263718939144474,0.1369053503115921
PF00298.25,2,1,45.57874015748032,0.04263718939144474,0.1369053503115921
PF21164.3,2,1,45.57874015748032,0.04263718939144474,0.1369053503115921
PF00181.31,2,1,45.57874015748032,0.04263718939144474,0.1369053503115921
PF00580.28,2,1,45.57874015748032,0.04263718939144474,0.1369053503115921
PF20742.4,2,1,45.57874015748032,0.04263718939144474,0.1369053503115921
PF24312.2,2,1,45.57874015748032,0.04263718939144474,0.1369053503115921
PF00573.28,2,1,45.57874015748032,0.04263718939144474,0.1369053503115921
PF02789.24,2,1,45.57874015748032,0.04263718939144474,0.1369053503115921
PF00849.28,2,1,45.57874015748032,0.04263718939144474,0.1369053503115921
PF16880.11,2,1,45.57874015748032,0.04263718939144474,0.1369053503115921
PF02736.26,2,1,45.57874015748032,0.04263718939144474,0.1369053503115921
PF23247.2,2,1,45.57874015748032,0.04263718939144474,0.1369053503115921
PF09412.16,2,1,45.57874015748032,0.04263718939144474,0.1369053503115921
PF11987.14,2,1,45.57874015748032,0.04263718939144474,0.1369053503115921
PF24943.1,2,1,45.57874015748032,0.04263718939144474,0.1369053503115921
PF17736.8,14,2,7.619235836627141,0.03549451378469504,0.1369053503115921
PF17849.8,2,1,45.57874015748032,0.04263718939144474,0.1369053503115921
PF00128.32,14,2,7.619235836627141,0.03549451378469504,0.1369053503115921
PF03719.22,2,1,45.57874015748032,0.04263718939144474,0.1369053503115921
PF19026.8,2,1,45.57874015748032,0.04263718939144474,0.1369053503115921
PF04199.20,2,1,45.57874015748032,0.04263718939144474,0.1369053503115921
PF13895.13,112,6,2.607865423959991,0.03405221460116745,0.1369053503115921
PF03473.24,2,1,45.57874015748032,0.04263718939144474,0.1369053503115921
PF07679.23,110,6,2.658480074142725,0.031569067818045575,0.1369053503115921
PF23622.2,2,1,45.57874015748032,0.04263718939144474,0.1369053503115921
PF03987.21,2,1,45.57874015748032,0.04263718939144474,0.1369053503115921
PF25300.1,2,1,45.57874015748032,0.04263718939144474,0.1369053503115921
PF00773.26,2,1,45.57874015748032,0.04263718939144474,0.1369053503115921
PF01170.25,2,1,45.57874015748032,0.04263718939144474,0.1369053503115921
PF00163.25,2,1,45.57874015748032,0.04263718939144474,0.1369053503115921
PF00318.26,2,1,45.57874015748032,0.04263718939144474,0.1369053503115921
PF17876.8,2,1,45.57874015748032,0.04263718939144474,0.1369053503115921
PF15868.11,15,2,7.032532684706598,0.040383777661910064,0.1369053503115921
PF16893.12,2,1,45.57874015748032,0.04263718939144474,0.1369053503115921
PF13405.13,57,4,3.465383748026761,0.034158118438555776,0.1369053503115921
PF25396.2,2,1,45.57874015748032,0.04263718939144474,0.1369053503115921
PF00229.25,2,1,45.57874015748032,0.04263718939144474,0.1369053503115921
PF07654.22,16,2,6.529644268774703,0.045510128815718295,0.14499738715705596
PF16680.12,17,2,6.093807641633728,0.05086116543461318,0.16079953072020012
PF22971.3,66,4,2.9600308443644776,0.053771976298681474,0.16870444472334417
PF03145.23,3,1,22.787401574803148,0.063271752547998,0.16886162530666998
PF05641.19,3,1,22.787401574803148,0.063271752547998,0.16886162530666998
PF07495.20,3,1,22.787401574803148,0.063271752547998,0.16886162530666998
PF10179.16,3,1,22.787401574803148,0.063271752547998,0.16886162530666998
PF05335.19,3,1,22.787401574803148,0.063271752547998,0.16886162530666998
PF01479.31,3,1,22.787401574803148,0.063271752547998,0.16886162530666998
PF03092.23,3,1,22.787401574803148,0.063271752547998,0.16886162530666998
PF00112.30,18,2,5.712450592885376,0.056424906438404566,0.16886162530666998
PF27698.1,3,1,22.787401574803148,0.063271752547998,0.16886162530666998
PF15936.11,3,1,22.787401574803148,0.063271752547998,0.16886162530666998
PF06218.17,3,1,22.787401574803148,0.063271752547998,0.16886162530666998
PF02475.24,3,1,22.787401574803148,0.063271752547998,0.16886162530666998
PF01108.24,3,1,22.787401574803148,0.063271752547998,0.16886162530666998
PF00687.27,3,1,22.787401574803148,0.063271752547998,0.16886162530666998
PF06832.19,3,1,22.787401574803148,0.063271752547998,0.16886162530666998
PF13772.12,3,1,22.787401574803148,0.063271752547998,0.16886162530666998
PF13202.13,42,3,3.522283272283272,0.06138383818654394,0.16886162530666998
PF06094.18,3,1,22.787401574803148,0.063271752547998,0.16886162530666998
PF06003.18,3,1,22.787401574803148,0.063271752547998,0.16886162530666998
PF23649.2,3,1,22.787401574803148,0.063271752547998,0.16886162530666998
PF08204.18,18,2,5.712450592885376,0.056424906438404566,0.16886162530666998
PF01652.25,3,1,22.787401574803148,0.063271752547998,0.16886162530666998
PF00338.28,3,1,22.787401574803148,0.063271752547998,0.16886162530666998
PF22854.3,44,3,3.349883855981417,0.06866780367018303,0.18208043424803372
PF00089.33,236,9,1.829429461695498,0.06966023829080577,0.18352793549693058
PF02719.22,21,2,4.809236530060328,0.07427860082396924,0.1884802514516105
PF05033.23,4,1,15.19028871391076,0.08346327436543335,0.1884802514516105
PF03281.21,4,1,15.19028871391076,0.08346327436543335,0.1884802514516105
PF14497.12,21,2,4.809236530060328,0.07427860082396924,0.1884802514516105
PF18322.7,4,1,15.19028871391076,0.08346327436543335,0.1884802514516105
PF14520.13,4,1,15.19028871391076,0.08346327436543335,0.1884802514516105
PF08686.17,4,1,15.19028871391076,0.08346327436543335,0.1884802514516105
PF00154.28,4,1,15.19028871391076,0.08346327436543335,0.1884802514516105
PF03392.19,21,2,4.809236530060328,0.07427860082396924,0.1884802514516105
PF22594.3,4,1,15.19028871391076,0.08346327436543335,0.1884802514516105
PF01370.28,47,3,3.1206709956709955,0.08028720800602654,0.1884802514516105
PF24357.2,4,1,15.19028871391076,0.08346327436543335,0.1884802514516105
PF17171.10,4,1,15.19028871391076,0.08346327436543335,0.1884802514516105
PF02263.26,4,1,15.19028871391076,0.08346327436543335,0.1884802514516105
PF19035.7,4,1,15.19028871391076,0.08346327436543335,0.1884802514516105
PF00856.34,22,2,4.568379446640316,0.08058134105173312,0.1884802514516105
PF00313.29,4,1,15.19028871391076,0.08346327436543335,0.1884802514516105
PF03051.22,4,1,15.19028871391076,0.08346327436543335,0.1884802514516105
PF21972.2,4,1,15.19028871391076,0.08346327436543335,0.1884802514516105
PF00402.24,4,1,15.19028871391076,0.08346327436543335,0.1884802514516105
PF06745.20,4,1,15.19028871391076,0.08346327436543335,0.1884802514516105
PF00047.32,104,5,2.318989898989899,0.07401026847865108,0.1884802514516105
PF08614.17,4,1,15.19028871391076,0.08346327436543335,0.1884802514516105
PF05383.24,4,1,15.19028871391076,0.08346327436543335,0.1884802514516105
PF03129.26,4,1,15.19028871391076,0.08346327436543335,0.1884802514516105
PF16347.11,4,1,15.19028871391076,0.08346327436543335,0.1884802514516105
PF00041.28,48,3,3.051058201058201,0.0843380807693917,0.18941503385912561
PF05986.20,5,1,11.391732283464567,0.10322123066239967,0.21644860103186872
PF01248.32,5,1,11.391732283464567,0.10322123066239967,0.21644860103186872
PF03567.21,5,1,11.391732283464567,0.10322123066239967,0.21644860103186872
PF25788.3,5,1,11.391732283464567,0.10322123066239967,0.21644860103186872
PF16212.12,5,1,11.391732283464567,0.10322123066239967,0.21644860103186872
PF20266.4,5,1,11.391732283464567,0.10322123066239967,0.21644860103186872
PF00334.25,5,1,11.391732283464567,0.10322123066239967,0.21644860103186872
PF02493.27,5,1,11.391732283464567,0.10322123066239967,0.21644860103186872
PF16209.11,5,1,11.391732283464567,0.10322123066239967,0.21644860103186872
PF00282.26,5,1,11.391732283464567,0.10322123066239967,0.21644860103186872
PF22741.2,5,1,11.391732283464567,0.10322123066239967,0.21644860103186872
PF08423.18,5,1,11.391732283464567,0.10322123066239967,0.21644860103186872
PF00883.27,5,1,11.391732283464567,0.10322123066239967,0.21644860103186872
PF00412.29,26,2,3.80566534914361,0.10728389429962024,0.22382578963017216
PF00036.39,55,3,2.6387362637362637,0.11498419077666636,0.23867930509701954
PF22042.3,6,1,9.11259842519685,0.12255489537165634,0.24451486406675121
PF23769.2,6,1,9.11259842519685,0.12255489537165634,0.24451486406675121
PF25480.2,6,1,9.11259842519685,0.12255489537165634,0.24451486406675121
PF25372.2,6,1,9.11259842519685,0.12255489537165634,0.24451486406675121
PF25013.1,6,1,9.11259842519685,0.12255489537165634,0.24451486406675121
PF21361.4,6,1,9.11259842519685,0.12255489537165634,0.24451486406675121
PF06779.21,6,1,9.11259842519685,0.12255489537165634,0.24451486406675121
PF03143.24,6,1,9.11259842519685,0.12255489537165634,0.24451486406675121
PF03015.25,29,2,3.3819352949787733,0.12862389833208904,0.25538368219559704
PF00069.32,197,7,1.6917657045840409,0.133789000802509,0.26436191985495766
PF07354.19,7,1,7.593175853018373,0.14147334482462223,0.26919233668018394
PF00795.28,7,1,7.593175853018373,0.14147334482462223,0.26919233668018394
PF04756.20,7,1,7.593175853018373,0.14147334482462223,0.26919233668018394
PF24758.2,7,1,7.593175853018373,0.14147334482462223,0.26919233668018394
PF06441.19,7,1,7.593175853018373,0.14147334482462223,0.26919233668018394
PF00728.29,7,1,7.593175853018373,0.14147334482462223,0.26919233668018394
PF21362.4,7,1,7.593175853018373,0.14147334482462223,0.26919233668018394
PF00643.30,7,1,7.593175853018373,0.14147334482462223,0.26919233668018394
PF00017.31,31,2,3.148153196129208,0.1433520506190513,0.27151010508953954
PF00133.29,8,1,6.5078740157480315,0.15998546194534954,0.2871354797359767
PF00626.28,8,1,6.5078740157480315,0.15998546194534954,0.2871354797359767
PF08240.18,8,1,6.5078740157480315,0.15998546194534954,0.2871354797359767
PF24548.2,8,1,6.5078740157480315,0.15998546194534954,0.2871354797359767
PF00350.30,8,1,6.5078740157480315,0.15998546194534954,0.2871354797359767
PF07993.19,33,2,2.9445365293892642,0.15841185761252685,0.2871354797359767
PF13086.13,8,1,6.5078740157480315,0.15998546194534954,0.2871354797359767
PF23586.3,8,1,6.5078740157480315,0.15998546194534954,0.2871354797359767
PF07859.20,63,3,2.28531746031746,0.1542588499951032,0.2871354797359767
PF13087.13,8,1,6.5078740157480315,0.15998546194534954,0.2871354797359767
PF22697.3,8,1,6.5078740157480315,0.15998546194534954,0.2871354797359767
PF13481.13,8,1,6.5078740157480315,0.15998546194534954,0.2871354797359767
PF00732.26,34,2,2.852272727272727,0.16604886380604672,0.29672210010558786
PF09334.18,9,1,5.693897637795276,0.17809994035583043,0.3075591406985139
PF13903.12,9,1,5.693897637795276,0.17809994035583043,0.3075591406985139
PF12947.14,9,1,5.693897637795276,0.17809994035583043,0.3075591406985139
PF06723.20,9,1,5.693897637795276,0.17809994035583043,0.3075591406985139
PF05199.20,35,2,2.7656006707390106,0.17374857564437118,0.3075591406985139
PF07525.22,9,1,5.693897637795276,0.17809994035583043,0.3075591406985139
PF14658.13,9,1,5.693897637795276,0.17809994035583043,0.3075591406985139
PF02535.29,9,1,5.693897637795276,0.17809994035583043,0.3075591406985139
PF22705.3,36,2,2.6840269704719835,0.18150477824369243,0.3108269327423233
PF06585.18,36,2,2.6840269704719835,0.18150477824369243,0.3108269327423233
PF00067.28,104,4,1.8291633466135457,0.18644632414949228,0.31665057531174107
PF20434.6,69,3,2.0764790764790764,0.18607161542869358,0.31665057531174107
PF19030.7,10,1,5.060804899387577,0.19582528839450283,0.319381720357701
PF00012.27,10,1,5.060804899387577,0.19582528839450283,0.319381720357701
PF23376.2,10,1,5.060804899387577,0.19582528839450283,0.319381720357701
PF03953.23,10,1,5.060804899387577,0.19582528839450283,0.319381720357701
PF00656.28,10,1,5.060804899387577,0.19582528839450283,0.319381720357701
PF21008.4,10,1,5.060804899387577,0.19582528839450283,0.319381720357701
PF01839.30,10,1,5.060804899387577,0.19582528839450283,0.319381720357701
PF00531.29,10,1,5.060804899387577,0.19582528839450283,0.319381720357701
PF00014.29,10,1,5.060804899387577,0.19582528839450283,0.319381720357701
PF00884.29,10,1,5.060804899387577,0.19582528839450283,0.319381720357701
PF13410.12,11,1,4.554330708661418,0.21316983304978518,0.33958450148628566
PF22784.2,11,1,4.554330708661418,0.21316983304978518,0.33958450148628566
PF00348.23,11,1,4.554330708661418,0.21316983304978518,0.33958450148628566
PF23301.2,11,1,4.554330708661418,0.21316983304978518,0.33958450148628566
PF00091.32,11,1,4.554330708661418,0.21316983304978518,0.33958450148628566
PF01553.27,11,1,4.554330708661418,0.21316983304978518,0.33958450148628566
PF28528.1,41,2,2.338907469342252,0.22093180665363077,0.35059062754688125
PF19028.7,12,1,4.139942734430924,0.2301417238104268,0.3565828287088966
PF01753.25,12,1,4.139942734430924,0.2301417238104268,0.3565828287088966
PF00122.26,12,1,4.139942734430924,0.2301417238104268,0.3565828287088966
PF00170.27,12,1,4.139942734430924,0.2301417238104268,0.3565828287088966
PF28033.1,12,1,4.139942734430924,0.2301417238104268,0.3565828287088966
PF00622.37,12,1,4.139942734430924,0.2301417238104268,0.3565828287088966
PF00135.35,77,3,1.8507078507078507,0.23078110081889658,0.3565828287088966
PF07714.24,193,6,1.4678177952451517,0.23754507758592866,0.3642948764470772
PF00009.34,43,2,2.224428805552878,0.23690582789671263,0.3642948764470772
PF01826.24,13,1,3.7946194225721785,0.24674893643442983,0.36877750136200244
PF24048.2,13,1,3.7946194225721785,0.24674893643442983,0.36877750136200244
PF13246.13,13,1,3.7946194225721785,0.24674893643442983,0.36877750136200244
PF00171.28,13,1,3.7946194225721785,0.24674893643442983,0.36877750136200244
PF13245.13,13,1,3.7946194225721785,0.24674893643442983,0.36877750136200244
PF07716.21,13,1,3.7946194225721785,0.24674893643442983,0.36877750136200244
PF16681.12,13,1,3.7946194225721785,0.24674893643442983,0.36877750136200244
PF12763.14,14,1,3.5024227740763174,0.2629992766382555,0.3792726410467474
PF01151.24,14,1,3.5024227740763174,0.2629992766382555,0.3792726410467474
PF00061.30,14,1,3.5024227740763174,0.2629992766382555,0.3792726410467474
PF00104.36,14,1,3.5024227740763174,0.2629992766382555,0.3792726410467474
PF22785.2,14,1,3.5024227740763174,0.2629992766382555,0.3792726410467474
PF03098.21,14,1,3.5024227740763174,0.2629992766382555,0.3792726410467474
PF00090.26,14,1,3.5024227740763174,0.2629992766382555,0.3792726410467474
PF00105.25,14,1,3.5024227740763174,0.2629992766382555,0.3792726410467474
PF00293.35,14,1,3.5024227740763174,0.2629992766382555,0.3792726410467474
PF03144.32,14,1,3.5024227740763174,0.2629992766382555,0.3792726410467474
PF00063.28,15,1,3.251968503937008,0.27890038370799447,0.3939108512164458
PF02752.28,15,1,3.251968503937008,0.27890038370799447,0.3939108512164458
PF23952.2,15,1,3.251968503937008,0.27890038370799447,0.3939108512164458
PF23760.2,15,1,3.251968503937008,0.27890038370799447,0.3939108512164458
PF20146.5,15,1,3.251968503937008,0.27890038370799447,0.3939108512164458
PF00107.33,15,1,3.251968503937008,0.27890038370799447,0.3939108512164458
PF23598.2,49,2,1.9394500042048608,0.28504913238580715,0.4012164157896121
PF11838.15,16,1,3.0349081364829398,0.2944597340341462,0.4088613198920071
PF00209.25,16,1,3.0349081364829398,0.2944597340341462,0.4088613198920071
PF00339.35,16,1,3.0349081364829398,0.2944597340341462,0.4088613198920071
PF00328.28,16,1,3.0349081364829398,0.2944597340341462,0.4088613198920071
PF00027.36,17,1,2.84498031496063,0.30968464457161715,0.4200672901615005
PF07647.25,17,1,2.84498031496063,0.30968464457161715,0.4200672901615005
PF17900.7,17,1,2.84498031496063,0.30968464457161715,0.4200672901615005
PF00013.36,17,1,2.84498031496063,0.30968464457161715,0.4200672901615005
PF13604.13,17,1,2.84498031496063,0.30968464457161715,0.4200672901615005
PF00173.34,17,1,2.84498031496063,0.30968464457161715,0.4200672901615005
PF00650.26,52,2,1.8226086956521739,0.3090540869387749,0.4200672901615005
PF13489.13,18,1,2.67739694302918,0.3245822762265119,0.4294636932540854
PF00011.28,18,1,2.67739694302918,0.3245822762265119,0.4294636932540854
PF13561.13,93,3,1.5195767195767196,0.32442582556525074,0.4294636932540854
PF12756.14,18,1,2.67739694302918,0.3245822762265119,0.4294636932540854
PF00059.28,54,2,1.7522043174217088,0.3249713104672033,0.4294636932540854
PF09011.17,18,1,2.67739694302918,0.3245822762265119,0.4294636932540854
PF01423.29,18,1,2.67739694302918,0.3245822762265119,0.4294636932540854
PF00248.28,18,1,2.67739694302918,0.3245822762265119,0.4294636932540854
PF01433.27,19,1,2.5284339457567806,0.33915963717126335,0.4425225742139341
PF00782.26,19,1,2.5284339457567806,0.33915963717126335,0.4425225742139341
PF00106.32,95,3,1.4862836438923395,0.3362644248809422,0.4425225742139341
PF01757.29,19,1,2.5284339457567806,0.33915963717126335,0.4425225742139341
PF00536.38,20,1,2.3951512639867385,0.35342358608960833,0.4582242709237509
PF00621.26,20,1,2.3951512639867385,0.35342358608960833,0.4582242709237509
PF00505.26,21,1,2.275196850393701,0.36738083535289046,0.4733339289342883
PF18452.8,21,1,2.275196850393701,0.36738083535289046,0.4733339289342883
PF16656.12,23,1,2.068002863278454,0.39440137142632276,0.5049811951907123
PF00646.39,23,1,2.068002863278454,0.39440137142632276,0.5049811951907123
PF03109.23,24,1,1.9779185210544334,0.40747737907122394,0.51849288792035
PF04101.23,24,1,1.9779185210544334,0.40747737907122394,0.51849288792035
PF25048.2,65,2,1.4448836187966623,0.410292377225862,0.5204634785179916
PF00008.34,25,1,1.8953412073490814,0.42027213462519497,0.5298522924262428
PF00307.37,25,1,1.8953412073490814,0.42027213462519497,0.5298522924262428
PF00078.33,26,1,1.8193700787401574,0.4327916642382178,0.5357752228973118
PF13847.13,26,1,1.8193700787401574,0.4327916642382178,0.5357752228973118
PF13716.12,26,1,1.8193700787401574,0.4327916642382178,0.5357752228973118
PF23609.2,68,2,1.3788477661995449,0.43267804892297634,0.5357752228973118
PF00702.33,26,1,1.8193700787401574,0.4327916642382178,0.5357752228973118
PF00664.29,26,1,1.8193700787401574,0.4327916642382178,0.5357752228973118
PF13649.13,28,1,1.684310294546515,0.4570285098870577,0.560712589742032
PF13365.13,28,1,1.684310294546515,0.4570285098870577,0.560712589742032
PF01636.30,28,1,1.684310294546515,0.4570285098870577,0.560712589742032
PF23419.3,29,1,1.624015748031496,0.46875724601402086,0.5683163071143439
PF23761.2,29,1,1.624015748031496,0.46875724601402086,0.5683163071143439
PF14531.13,29,1,1.624015748031496,0.46875724601402086,0.5683163071143439
PF12937.13,29,1,1.624015748031496,0.46875724601402086,0.5683163071143439
PF01073.26,30,1,1.5678794461037198,0.4802336016787471,0.5788152794427128
PF13516.13,30,1,1.5678794461037198,0.4802336016787471,0.5788152794427128
PF23798.2,31,1,1.515485564304462,0.4914629867140702,0.5854819928680662
PF07914.18,31,1,1.515485564304462,0.4914629867140702,0.5854819928680662
PF13857.13,76,2,1.2289285332763593,0.49004205686650837,0.5854819928680662
PF00232.25,31,1,1.515485564304462,0.4914629867140702,0.5854819928680662
PF02958.27,32,1,1.4664719329438658,0.5024506954403801,0.5968417220404516
PF24521.3,33,1,1.4205216535433072,0.5132019091225007,0.6078558635427891
PF00560.40,80,2,1.1655011655011656,0.5173353869323666,0.6092402407713544
PF13606.13,80,2,1.1655011655011656,0.5173353869323666,0.6092402407713544
PF00168.37,34,1,1.377356239560964,0.5237216983745144,0.6149989086626442
PF10545.16,82,2,1.1361660079051383,0.5306151379474789,0.6213185803316634
PF08659.17,84,2,1.1082618336064785,0.543645115638839,0.6329692422877135
PF13637.13,84,2,1.1082618336064785,0.543645115638839,0.6329692422877135
PF00023.37,88,2,1.0563470907252506,0.5689448001354827,0.6605545560895011
PF00201.25,39,1,1.1956071280563614,0.5730192965598393,0.6615475586688032
PF06722.19,39,1,1.1956071280563614,0.5730192965598393,0.6615475586688032
PF12796.14,91,2,1.0204734200826042,0.5872471852967639,0.6760744906357702
PF13833.13,41,1,1.1356299212598424,0.5912840988118756,0.6769297064392225
PF24017.3,41,1,1.1356299212598424,0.5912840988118756,0.6769297064392225
PF02463.26,42,1,1.1078356059151142,0.6001225108541901,0.6851398665585337
PF23775.2,94,2,0.9869393366557828,0.6049698205521057,0.6868580006820868
PF24782.3,94,2,0.9869393366557828,0.6049698205521057,0.6868580006820868
PF13306.13,43,1,1.0813648293963254,0.608770527115083,0.6873755127590634
PF14604.13,43,1,1.0813648293963254,0.608770527115083,0.6873755127590634
PF23410.5,44,1,1.0561252517853872,0.6172322332716264,0.6931214422804328
PF23756.2,44,1,1.0561252517853872,0.6172322332716264,0.6931214422804328
PF01926.30,46,1,1.0090113735783026,0.6336126231652899,0.7076488807634079
PF25178.1,46,1,1.0090113735783026,0.6336126231652899,0.7076488807634079
PF00561.27,47,1,0.9869907565902089,0.6415390489812609,0.7145597537433557
PF12894.14,101,2,0.9165967980197229,0.6440713834297352,0.7154414556476248
PF13855.13,104,2,0.8894055645973804,0.6598727987390504,0.7251543323041436
PF24105.2,104,2,0.8894055645973804,0.6598727987390504,0.7251543323041436
PF23342.2,49,1,0.9457020997375328,0.6568831007870284,0.7251543323041436
PF00018.35,49,1,0.9457020997375328,0.6568831007870284,0.7251543323041436
PF20426.5,50,1,0.9263217097862767,0.6643079827710159,0.7280815491170334
PF14580.13,53,1,0.8726529376135675,0.6856359769639713,0.7454930860640006
PF00151.26,53,1,0.8726529376135675,0.6856359769639713,0.7454930860640006
PF12799.14,109,2,0.8474751579180673,0.6849562560811429,0.7454930860640006
PF00520.38,54,1,0.8561135046798396,0.6924409706714574,0.7509056436569103
PF00169.36,57,1,0.8100393700787402,0.7119880436652087,0.7631754179370734
PF24780.2,56,1,0.824838940586972,0.7056138856314149,0.7631754179370734
PF24805.2,115,2,0.8020567351079086,0.7130398065397474,0.7631754179370734
PF25168.2,114,2,0.8092885375494071,0.7085089189488779,0.7631754179370734
PF00005.34,57,1,0.8100393700787402,0.7119880436652087,0.7631754179370734
PF00083.31,171,3,0.808531746031746,0.7172279740809104,0.765664148953907
PF00595.30,60,1,0.7686507406913119,0.7302973542427381,0.77759640568333
PF25047.1,120,2,0.7677363167414751,0.7348187912766674,0.7803889488752205
PF23098.2,65,1,0.7082923228346457,0.7582721503570284,0.8032212726720069
PF00025.28,70,1,0.6566815017688007,0.7833554654190793,0.8213242252225551
PF23869.2,70,1,0.6566815017688007,0.7833554654190793,0.8213242252225551
PF25172.2,131,2,0.7015963477035266,0.7778254000896834,0.8213242252225551
PF07690.22,246,4,0.7465015969181127,0.7808195078426199,0.8213242252225551
PF24796.2,136,2,0.6751224116571294,0.7952801962549065,0.8317052434116198
PF25460.2,77,1,0.5958350600911728,0.8141755550797283,0.8493049572024576
PF23414.2,155,2,0.5903019969516133,0.8510365758423019,0.8855089434713571
PF00400.39,157,2,0.5825831952059161,0.856025007282595,0.8865020296974505
PF24814.2,158,2,0.5787980135806223,0.858461819512373,0.8865020296974505
PF25173.2,158,2,0.5787980135806223,0.858461819512373,0.8865020296974505
PF24807.2,159,2,0.5750610508295361,0.8608610101983271,0.8867515668960211
PF24817.2,160,2,0.5713713914044128,0.8632230610692775,0.8869616952486826
PF07776.22,92,1,0.4969715324046033,0.8662920718375864,0.8878953653996209
PF25175.2,163,2,0.5605774188004812,0.8700911436039247,0.8893480967133625
PF23393.3,94,1,0.4861993057319448,0.8720371848551949,0.8893480967133625
PF23381.2,165,2,0.553602172700599,0.8744928501924332,0.8896449540324011
PF25174.2,167,2,0.5467960234758654,0.8787572754208571,0.8917759017233884
PF25391.2,101,1,0.45188976377952755,0.8902761351222438,0.901240126934094
PF23409.2,106,1,0.4301837270341207,0.9016952492443021,0.9105571190157449
PF25171.2,120,1,0.3791106993978694,0.9277512192215539,0.9345729193628889
PF13465.13,206,1,0.21841751488381025,0.9891931880915096,0.9940303185956245
PF00096.33,235,1,0.19086075778989164,0.9943237285610004,0.9943237285610004
PF13894.13,231,1,0.19424854501882916,0.9937959480084732,0.9943237285610004
