"gene_id","baseMean","log2FoldChange","lfcSE","pvalue","padj","regulation"
"gene-LOC142973394",1595.28162994625,-2.59317377781985,0.396787896194055,3.29333236732711e-12,1.04464502691616e-08,"down"
"gene-LOC142975131",298.912139480065,7.08604054171446,1.15670145855435,3.12351893779393e-11,7.43085155301177e-08,"up"
"gene-LOC142980845",426.064397888885,-4.16696515514664,0.734533095232671,6.90196960300572e-10,1.31358285484405e-06,"down"
"gene-LOC142983500",1332.08725367724,-1.81910886148065,0.319961042064702,8.69558209481108e-10,1.37911932023704e-06,"down"
"gene-LOC142976493",1321.90602228936,6.82289056885139,1.40541921004499,3.26849926048682e-08,4.44329128039894e-05,"up"
"gene-LOC142976728",1791.65068329195,-2.03824824109812,0.423928517708349,8.85112086757554e-08,0.000105284082719811,"down"
"gene-LOC142976171",1225.95644602632,-2.2959625328411,0.496164147848153,1.77350150016062e-07,0.000187518225283649,"down"
"gene-LOC142974572",554.528332878677,5.56794207626837,1.23906718575728,2.14230024304757e-07,0.000203861291128407,"up"
"gene-Tgs1",1280.17456519647,-1.73555946038724,0.382531605607675,3.73855709593907e-07,0.00032341917568142,"down"
"gene-LOC142980293",429.169342992213,7.114798846639,1.67160817498717,4.1664490503057e-07,0.000330399409689242,"up"
"gene-LOC142972829",271.32041446966,4.80503162241585,1.15089070864638,9.26447658829865e-07,0.000678159686263461,"up"
"gene-SerRS",1105.11008775769,1.31281313981746,0.305916800304325,1.65280777937614e-06,0.00112343705918167,"up"
"gene-LOC142977673",365.843250390591,-2.38321620319611,0.58047020582966,1.95673637271958e-06,0.0012413535548533,"down"
"gene-LOC142984165",154.102608000017,6.57374722761906,1.69605865888906,2.56519905498612e-06,0.00151909026426788,"up"
"gene-Sulf1",151.159035567273,2.11839745014063,0.52180861950726,2.71380143889806e-06,0.00151909026426788,"up"
"gene-LOC142976163",708.872297672413,-1.55111034005611,0.377535802558382,2.891507276329e-06,0.00152864351341927,"down"
"gene-LOC142978362",18.8008777721856,-7.99341451834193,3.0457988088076,3.42252612077458e-06,0.00162843792826455,"down"
"gene-LOC142981377",33.0552602283348,3.83270651215057,0.976856786694971,3.40570201072817e-06,0.00162843792826455,"up"
"gene-LOC142983202",592.390211589733,5.04604232886852,1.31737193592721,3.68606189181082e-06,0.00167031261726056,"up"
"gene-eIF3l",2340.36904937443,0.760198292603187,0.178026307057491,4.3820019214075e-06,0.00189541501291426,"up"
"gene-LOC142986144",14.187805088129,6.61405766217532,1.75140578206908,5.20894530227517e-06,0.00202575980595004,"up"
"gene-LOC142980297",5359.07923981462,6.59827199244166,1.84835518087945,5.53486285778698e-06,0.00202575980595004,"up"
"gene-LOC142975908",872.308682790674,6.21482332273345,1.71443809540266,5.44260767164479e-06,0.00202575980595004,"up"
"gene-LOC142981527",1818.68054906682,-1.45729317876431,0.365878030606888,5.13299950378123e-06,0.00202575980595004,"down"
"gene-LOC142980304",1292.36281553782,6.85789137385943,1.94998755859621,7.08649283869823e-06,0.00240839520903758,"up"
"gene-LOC142984745",178.094057399349,4.38721984557916,1.18840723838686,6.95849239482982e-06,0.00240839520903758,"up"
"gene-LOC142987493",867.236337833466,6.96981946075513,1.99434388810515,7.78960869018965e-06,0.00247086387652816,"up"
"gene-LOC142975272",270.784063220606,4.00309727234434,1.08512552895965,7.5640753658761e-06,0.00247086387652816,"up"
"gene-LOC142979329",169.010508879663,3.15968267717287,0.85750806074395,8.99652801258266e-06,0.00267534251774177,"up"
"gene-LOC142987660",6412.28440525012,4.34409250920872,1.22723971902868,1.13196932517969e-05,0.00307766288525998,"up"
"gene-LOC142980547",1366.18936238935,-3.50066160294524,0.975400091383139,1.11121689201594e-05,0.00307766288525998,"down"
"gene-ae48",779.32172620496,1.55744712163171,0.411680708801148,1.06970829538969e-05,0.00307766288525998,"up"
"gene-Csk",570.855299848017,-1.41208461776162,0.37537818101524,1.30655836951474e-05,0.00345366929008397,"down"
"gene-LOC142983536",51.2331802198136,-3.09845837651208,0.850441592425691,1.35650886131098e-05,0.00348879414168521,"down"
"gene-LOC142987118",26.846727748328,3.6973768118071,1.02605755971911,1.68532478135086e-05,0.00422040805771967,"up"
"gene-LOC142981576",66.4499196992,2.53570909599464,0.718838024464686,1.90977994665258e-05,0.00465986306983229,"up"
"gene-bent",1202.00112287168,3.76751809124402,1.09359523545588,1.99877710900313e-05,0.0047069378834793,"up"
"gene-swi2",94.1359982128984,2.66113492466529,0.762393263968719,2.0279997186071e-05,0.0047069378834793,"up"
"gene-LOC142982120",6845.04465812799,5.62277241027726,1.72769759751919,2.2216821069626e-05,0.00503369688806097,"up"
"gene-LOC142978904",580.35236208006,-1.85245135549715,0.525189247233552,2.39776791688729e-05,0.00530631616211615,"down"
"gene-LOC142983979",18.0857001737631,-0.267574454116461,0.563246537863361,2.52540381155419e-05,0.00546175969789765,"down"
"gene-LOC142987562",5747.03367892917,4.77479659211538,1.46402679978817,2.8139694891841e-05,0.00595060747979464,"up"
"gene-MESR6",123.76547859612,1.51458005652445,0.429043273032688,2.95754483467148e-05,0.00611826014059431,"up"
"gene-LOC142981901",20.9100525747172,8.94017868186532,3.4838229631858,3.46070928104546e-05,0.00693412147233962,"up"
"gene-A1",30976.9584987755,3.35041119704864,1.01023648077535,3.49766530761141e-05,0.00693412147233962,"up"
"gene-LOC142982198",2545.00996863225,1.83184944478155,0.537057602483596,3.60140338538527e-05,0.00699407237047474,"up"
"gene-LOC142986485",87.3379988550029,3.91874024081548,1.21567423497798,3.89668814526883e-05,0.00741617687807563,"up"
"gene-LOC142987496",17.6604211573688,-4.04063169694186,1.14199794650164,4.60246598824644e-05,0.00854574705901375,"down"
"gene-GSTd2",327.6050768661,3.85745777087142,1.22093471530024,4.75961111945911e-05,0.00854574705901375,"up"
"gene-Dredd",1345.27007045219,-1.24566439630349,0.359288528747857,4.67890996079142e-05,0.00854574705901375,"down"
"gene-LOC142986440",628.895282792512,3.02653522678864,0.95322667703553,5.5165399375979e-05,0.00969270857071055,"up"
"gene-LOC142987152",191.913757066154,3.97111015890746,1.29317827909741,6.2115554198085e-05,0.010082196149924,"up"
"gene-LOC142981803",52.0949714551119,3.77269498328264,1.2155897501643,6.07980256467843e-05,0.010082196149924,"up"
"gene-P5CDh1",209.388243788259,3.43282991184548,1.10908148709565,6.25104637290369e-05,0.010082196149924,"up"
"gene-Zasp66",818.207443356088,2.84886825902813,0.901887713100616,6.11855352575957e-05,0.010082196149924,"up"
"gene-Scp1",30.7006262099436,5.49062856871402,1.81672675116977,6.77059911684451e-05,0.0105562373847325,"up"
"gene-Achl",28.0112355081289,4.97207647983275,1.6514591846776,6.79943145108838e-05,0.0105562373847325,"up"
"gene-LOC142982861",25.6227775414909,-3.52015484861225,1.1071594284865,7.21054466170252e-05,0.0105562373847325,"down"
"gene-LOC142987478",333.802019697431,3.26226574495967,1.06612637559765,7.11652069068767e-05,0.0105562373847325,"up"
"gene-mRpL27",392.267800747569,1.76361867163817,0.545498313070857,6.90685832089126e-05,0.0105562373847325,"up"
"gene-LOC142977821",503.281854439124,-1.66266422191478,0.512758743436156,7.00962922805008e-05,0.0105562373847325,"down"
"gene-Agpat1",230.964854593002,-1.84650741580803,0.58184335416959,7.73408511095163e-05,0.0106663121617124,"down"
"gene-LOC142978182",2367.38361509282,-1.39027957621176,0.424277780037887,7.73138128939106e-05,0.0106663121617124,"down"
"gene-RpL5",28671.6444048099,1.0742588803086,0.309473239831109,7.71856299103698e-05,0.0106663121617124,"up"
"gene-Nacalpha",5727.95131482673,0.936071685869302,0.270314627408204,7.60100539698465e-05,0.0106663121617124,"up"
"gene-qin",272.512496748105,-1.09034684108121,0.32256421319955,7.85624563572866e-05,0.0106800047813706,"down"
"gene-LOC142982385",675.609686443754,3.47984643373257,1.15674918648823,8.06500709832262e-05,0.0107974771132463,"up"
"gene-LOC142982843",244.766776038322,3.28328055033713,1.09263144115021,8.16959176285975e-05,0.0107974771132463,"up"
"gene-Mlc2",15232.6745521863,2.9371191368094,0.971349521538785,8.86197567992972e-05,0.0112170006835532,"up"
"gene-LOC142979623",335.779777623949,-1.7408866291796,0.552707014285069,8.87859329286572e-05,0.0112170006835532,"down"
"gene-LOC142987507",942.644217992768,-1.70634235018565,0.540331010449261,8.95851252574654e-05,0.0112170006835532,"down"
"gene-Atg3",386.318902597559,-1.11917284139356,0.33474345461545,8.65983915365921e-05,0.0112170006835532,"down"
"gene-LOC142973753",238.503605858947,3.3869081776469,1.14877022575201,9.56584282611305e-05,0.0116703282478579,"up"
"gene-MetRS",306.758321529647,1.3253268400292,0.411285677114683,0.00010347630798455,0.0124643107187465,"up"
"gene-LOC142977906",21.8639175397566,-3.50286891976843,1.1432357247527,0.000108440447420725,0.0126836280721859,"down"
"gene-Prm",4563.91071217702,2.57410373026293,0.849791473463969,0.000107828535186541,0.0126836280721859,"up"
"gene-LOC142974561",808.993224743538,-1.27783207025027,0.397730654984316,0.000109295660142838,0.0126836280721859,"down"
"gene-LOC142974567",6468.74650078456,3.42913180044381,1.19109311725956,0.000112263729802533,0.0128711042506133,"up"
"gene-LOC142974982",576.797507696434,-2.57379071228047,0.888447171783001,0.00013235568007315,0.0149940077568583,"down"
"gene-TpnT",13850.5379461418,3.03765049227475,1.05740322144789,0.000135556976621264,0.0151760022297406,"up"
"gene-Swim",2859.65416371999,-1.97711380277958,0.674325246797442,0.00015046169853106,0.0166487618979252,"down"
"gene-Mhc",10575.9850436433,3.06068587836509,1.06602171980608,0.000152598471491382,0.0166911155714021,"up"
"gene-LOC142982170",525.21662250172,4.243418539177,1.59212113247904,0.000157041712787176,0.0168389789231586,"up"
"gene-RpL4",21769.1839741587,1.00667359489959,0.313051373595079,0.000157489399344379,0.0168389789231586,"up"
"gene-Mlc1",8155.24647804599,2.736682385919,0.966502809774094,0.000164902708643539,0.0174357130605768,"up"
"gene-LOC142975113",218.390468295777,2.06551128201661,0.711761044063991,0.000167479564180058,0.0174441024603516,"up"
"gene-RpS2",22123.291165781,1.02367337765788,0.320298214803637,0.000168648321390536,0.0174441024603516,"up"
"gene-LOC142987700",15.1762266652455,3.82142284364949,1.36591623223985,0.000170631213787729,0.0174594261333767,"up"
"gene-LOC142984948",45.5228817918436,3.48348012233253,1.28617206901594,0.000184099259088091,0.0176510712274235,"up"
"gene-Tm2",12228.8675791304,2.82414531242198,1.01584722660974,0.000180408003067604,0.0176510712274235,"up"
"gene-Mp20",8778.48012133249,2.51570927797162,0.890759677168989,0.00018548834833358,0.0176510712274235,"up"
"gene-LOC142973055",810.043971012951,1.95177771564727,0.674741896259305,0.000183066628230889,0.0176510712274235,"up"
"gene-RpL18A",11032.697721951,1.31236390222416,0.428696954755371,0.000178233138241479,0.0176510712274235,"up"
"gene-LOC142977695",5854.05469838649,-1.29808229418584,0.426758193967365,0.000183209568410412,0.0176510712274235,"down"
"gene-Hs6st",107.829741480853,-1.20979354370102,0.391891181021681,0.000178277721753689,0.0176510712274235,"down"
"gene-LOC142975666",200.131254120587,2.95864259321365,1.07430222983717,0.000187496740553137,0.0176655344861747,"up"
"gene-LOC142973763",199.583712356342,1.79152158402943,0.616614298836939,0.00019130790158498,0.017847901877281,"up"
"gene-bic",2664.53971822443,0.873663269533597,0.271031059254201,0.000202378385268327,0.0186974049923631,"up"
"gene-LOC142982780",175.155511435698,-0.363354500186219,0.712952219658832,0.00020436351747185,0.0186992618486743,"down"
"gene-LOC142985541",3550.9030606064,1.94819127367588,0.676749726689659,0.000207525957376372,0.0188077810513672,"up"
"gene-LOC142987554",1067.76498777152,4.83833822150107,1.93751203317529,0.000219547910694235,0.0193223080589642,"up"
"gene-LOC142981750",328.207936909732,4.21813362887185,1.66278620066987,0.00022335580984511,0.0193223080589642,"up"
"gene-Prpk",54.3525073284754,2.1221274191134,0.754426543216588,0.000222035375102689,0.0193223080589642,"up"
"gene-LOC142983795",32941.2326935114,-1.32895320284948,0.447765226797623,0.000222376723018614,0.0193223080589642,"down"
"gene-LOC142975585",1410.47099331719,3.14340386479569,1.20378180762001,0.000244218986272316,0.0208867652588235,"up"
"gene-LOC142981347",74.3752622528892,-1.80479767616161,0.645444419590137,0.00024582993999456,0.0208867652588235,"down"
"gene-Ih",208.539201723763,2.63437968500951,0.981477512887207,0.000251830426365149,0.0210212134850066,"up"
"gene-LOC142984792",532.177829893404,-1.50681885559072,0.528468599309885,0.00024992316260435,0.0210212134850066,"down"
"gene-LOC142982914",854.288219279336,2.28311959225573,0.841509154263834,0.000263771487137566,0.0213061060376193,"up"
"gene-Zip99C",926.769978078932,-1.77458997045242,0.638308335317302,0.000264199297229832,0.0213061060376193,"down"
"gene-Fer2LCH",108351.668016897,-1.21787407779769,0.41220898057408,0.000262900917377346,0.0213061060376193,"down"
"gene-Samtor",166.35596624672,-0.926044268276619,0.297261020863726,0.000262740441671202,0.0213061060376193,"down"
"gene-LOC142981806",360.529594768769,3.14747157802858,1.22787123043301,0.000278857171504127,0.0222152206395609,"up"
"gene-Obsc",306.630936640841,2.82378361762685,1.07442988595291,0.000280141496085257,0.0222152206395609,"up"
"gene-eEF1gamma",15468.0276662022,0.902660640863846,0.290166165991476,0.000285521377803791,0.0224547225717428,"up"
"gene-LOC142981836",574.063184889928,2.03588248814276,0.751584595961955,0.000292141961428577,0.022787072991429,"up"
"gene-LOC142978021",536.374254441621,-2.97570179162269,1.13955030190144,0.000302697924018192,0.0234184832923342,"down"
"gene-Scp2",79.0409364489839,2.24862277278054,0.855100279513553,0.000306896031722216,0.0235517954666823,"up"
"gene-LOC142974453",7937.77418806037,2.8457384365067,1.11018566763865,0.000326307055484442,0.0246439519046822,"up"
"gene-LOC142977753",712.958925458354,2.31259727778978,0.87842733297027,0.000324235841032203,0.0246439519046822,"up"
"gene-LOC142976989",22.1865778649036,5.66754768260575,2.3117786983322,0.000331645668990431,0.0248499227252988,"up"
"gene-LOC142972881",1273.81888775821,3.7044773736968,1.53934740822733,0.000340962966107786,0.0251519657789278,"up"
"gene-LOC142975399",656.175370384261,-1.22243402325164,0.426114888044544,0.000338681848473395,0.0251519657789278,"down"
"gene-LOC142980935",1078.64780920524,2.79858490755805,1.10146198764783,0.000351810304182563,0.0256539124829739,"up"
"gene-LOC142972999",416.955348632949,3.05437236068193,1.2426791572264,0.000380065282802057,0.0272878996124395,"up"
"gene-LOC142985757",76.9048707677212,1.41933501150066,0.513513411194754,0.000381388256458014,0.0272878996124395,"up"
"gene-LOC142987839",25.9299862319758,2.98156139827526,1.1877733746788,0.000384546907815488,0.0273085699609865,"up"
"gene-LOC142974120",3335.68717880552,-1.22443946237341,0.43433619963065,0.000389582611228357,0.0274612453959189,"down"
"gene-SmydA-1",41.6078135011396,3.14446552785001,1.30394811412473,0.000412502249688134,0.0278701385316171,"up"
"gene-LOC142974059",159.284583479754,2.99130304189755,1.21476381799232,0.000398598864641498,0.0278701385316171,"up"
"gene-serpin-29",96.2000130970867,2.78075018574473,1.13233881141949,0.000410553951906511,0.0278701385316171,"up"
"gene-LOC142982641",2272.93636646731,-2.67405975546282,1.0924858026734,0.00041295602490101,0.0278701385316171,"down"
"gene-LOC142986688",1353.70849922288,-1.36268838145277,0.498202788967502,0.000408065565908674,0.0278701385316171,"down"
"gene-GSTd3",1787.415484528,2.93290992037688,1.22692891645848,0.000435080906346479,0.0281648292843067,"up"
"gene-LOC142973201",252.980663434411,2.42116544473397,0.973579872643915,0.000435058574784138,0.0281648292843067,"up"
"gene-LOC142984753",819.782081779873,1.69516717699691,0.644582273512624,0.000427780677728215,0.0281648292843067,"up"
"gene-LOC142983720",12636.9437745063,-1.38237240943313,0.508506171120133,0.000434773858212771,0.0281648292843067,"down"
"gene-LOC142972778",8482.29728539372,-1.03936043427056,0.360292288669886,0.000433661897233704,0.0281648292843067,"down"
"gene-LOC142975219",537.218848251693,0.876726917461827,0.293039394129293,0.000427341569752689,0.0281648292843067,"up"
"gene-TpnC25D",1239.85351926424,3.08681943990675,1.30017507304067,0.000441317547731189,0.0283755255689865,"up"
"gene-LOC142972882",237.109616729375,3.08828535963258,1.30047849461551,0.000445563227116811,0.0284562393908964,"up"
"gene-LOC142975581",151.389564483508,1.7702800558064,0.681126577640686,0.000448845156881783,0.0284747367525803,"up"
"gene-slgA",101.268278343499,1.76830370600952,0.680420613693241,0.000455503374795641,0.0285169086483903,"up"
"gene-yps",21316.056592475,0.771862282056894,0.253024292143288,0.000453557799372023,0.0285169086483903,"up"
"gene-wupA",20954.0614908036,2.37611145909028,0.963145864205792,0.000472344306373932,0.0292324267364721,"up"
"gene-LOC142978316",25.4478095254553,-2.13501418046219,0.813255456200928,0.000473076262864302,0.0292324267364721,"down"
"gene-LOC142978752",1814.12605364932,3.30524080802919,1.42655065481065,0.000478490404237928,0.0293762237853427,"up"
"gene-LOC142973183",79.645931296462,3.98201747875038,1.77338537102348,0.000486679497250928,0.0294132103422732,"up"
"gene-LOC142979365",75.3798705136061,3.08388056588135,1.32615680764375,0.000503820227594633,0.0294132103422732,"up"
"gene-Marc",264.293795684439,2.89517040161586,1.22897405405427,0.00049797678731269,0.0294132103422732,"up"
"gene-LOC142976995",30.9586701736,-2.72101995080828,1.03760706232878,0.000492647296395264,0.0294132103422732,"down"
"gene-LOC142977501",2797.65208122806,2.60868583256318,1.07965065332295,0.00050330083527858,0.0294132103422732,"up"
"gene-LOC142973388",221.190829253984,2.34147432131271,0.959952418330201,0.000493736480767225,0.0294132103422732,"up"
"gene-Pdp1",182.01926794044,1.47552426870384,0.555109468946988,0.000493297966335066,0.0294132103422732,"up"
"gene-LOC142974889",2694.60447111116,-0.790209027479857,0.263218902807254,0.000494853163758115,0.0294132103422732,"down"
"gene-LOC142981595",1199.00124274921,3.27094627052365,1.45060656133976,0.000517803449699984,0.0299505878707788,"up"
"gene-sta",7193.07545095051,1.18302162728952,0.429214351731805,0.000519319777078447,0.0299505878707788,"up"
"gene-LOC142987658",21128.3096299031,3.55030237027589,1.62351547882385,0.00054136116737378,0.0304898316521042,"up"
"gene-LOC142984039",135.387572056473,1.72335181192632,0.676125819572664,0.000535942721409977,0.0304898316521042,"up"
"gene-LOC142974785",57.809256371035,1.66018126730137,0.647709619833559,0.000545729854931455,0.0304898316521042,"up"
"gene-Rack1",16110.4746180456,1.11294226939805,0.401213981370187,0.000542451159374308,0.0304898316521042,"up"
"gene-RpS24",21510.8674482221,1.40842260349496,0.534860061199183,0.000553631784473247,0.0306300003549269,"up"
"gene-LOC142976512",47.283455972124,2.47093705266934,1.03522219351046,0.000558051674325914,0.0306960678201468,"up"
"gene-LOC142975624",12.7991655325969,3.54161894515211,1.48320064972704,0.00056988096260907,0.0310061072959906,"up"
"gene-LOC142986267",27.7900905334908,-1.85117322212095,0.740511127374767,0.00057020478949121,0.0310061072959906,"down"
"gene-Stim",311.72745027755,-1.34199399018494,0.511814032241601,0.000590388889106885,0.0319212537996654,"down"
"gene-ITP",37.6378441412758,2.01174618921834,0.825341796989408,0.000597006181913081,0.0320966713394626,"up"
"gene-LOC142975743",343.768088752381,1.59036497481031,0.62577164627007,0.000603211598442502,0.0322480987122407,"up"
"gene-RpL10Ab",16045.0957791942,1.14347898663456,0.420779131749557,0.000609603338770009,0.0324077395069017,"up"
"gene-LOC142983189",159.142440200451,1.92522405258398,0.793087417625216,0.000631587136399095,0.0333507367651736,"up"
"gene-LOC142977123",102.551501134422,-1.15005756029428,0.426378260187819,0.000634350919976506,0.0333507367651736,"down"
"gene-ftz-f1",116.072315336684,1.58729405733499,0.630226374379761,0.000638708959513711,0.0333953541688597,"up"
"gene-mRpS12",341.389392815158,1.39620875401049,0.541573785625746,0.000645133783946984,0.0335469567652431,"up"
"gene-LOC142974959",893.01276221241,3.43005809891086,1.619379900728,0.000656021112251618,0.0339277005662304,"up"
"gene-LOC142984185",4442.34669993443,1.79519511916542,0.737116132710455,0.000665498660135322,0.034079364234453,"up"
"gene-LOC142980898",283.165423256044,-1.38407776360712,0.541210981799969,0.000666116198781868,0.034079364234453,"down"
"gene-LOC142983576",52.2411094322212,2.63999059158569,1.14925666330077,0.000673622018594854,0.0342790755558751,"up"
"gene-LOC142987163",492.54830525125,3.15490602859402,1.48931475085265,0.000700776567915623,0.0348580187277734,"up"
"gene-LOC142985248",517.89294580945,2.34790476266191,1.02278619659412,0.000702510962365067,0.0348580187277734,"up"
"gene-LOC142981396",424.038112713541,-1.37740585601406,0.542024854079951,0.000694424892996798,0.0348580187277734,"down"
"gene-GlyRS",492.627155396074,1.32163586295498,0.513832962020462,0.000699310755281517,0.0348580187277734,"up"
"gene-aspr",104.239068842372,0.513667288690022,1.22663000504055,0.000703314375339691,0.0348580187277734,"up"
"gene-LOC142973382",271.213939443761,-1.87746482255305,0.792249213262134,0.000712657199596754,0.0351380617169053,"down"
"gene-spn-A",288.268941531232,-1.21991061293277,0.469055817338994,0.000736857972155433,0.036144023005315,"down"
"gene-LOC142978042",136.957885204675,0.256802255322299,0.546765900017464,0.000744202265653114,0.036317070563872,"up"
"gene-LOC142976887",243.882372784835,3.33409951547859,1.61116698203754,0.000751889920957105,0.0363197182123239,"up"
"gene-LOC142982161",24.700914078354,2.22923603256094,0.970285756329025,0.000749056367511023,0.0363197182123239,"up"
"gene-LOC142981253",213.929862840114,1.71205176680209,0.71209497072848,0.00077130996566329,0.0363366910293071,"up"
"gene-LOC142982930",723.709472848332,1.69950417852147,0.702071662910959,0.000769683209741872,0.0363366910293071,"up"
"gene-LOC142985517",33.3333495369033,1.6452255967741,0.680515663356227,0.000769184085872972,0.0363366910293071,"up"
"gene-RpL12",21021.8306535707,1.16851087734912,0.449750021219491,0.00075886008406512,0.0363366910293071,"up"
"gene-LOC142974507",1262.26639563742,-0.428952137229146,0.865504644238489,0.00077133371037411,0.0363366910293071,"down"
"gene-mRpL14",603.052461444539,1.38352874619714,0.552675074361063,0.000784599878123639,0.0365992766677674,"up"
"gene-awd",18610.2946464604,0.783187597719229,0.273148596436938,0.000781326465398456,0.0365992766677674,"up"
"gene-LOC142974597",57.8372337033852,-1.64789084821511,0.685748489954106,0.00082551865335279,0.0381341529383745,"down"
"gene-LOC142979051",125.863511312182,1.9502899652042,0.845709233650599,0.000832791561403684,0.0382842729387317,"up"
"gene-LOC142983104",90.2707481908357,2.86046715667053,1.35569970432813,0.000845507582805777,0.0383135721808561,"up"
"gene-LOC142974688",3920.10655245212,1.40530223290758,0.562169732568322,0.000843331616764008,0.0383135721808561,"up"
"gene-LOC142981878",17995.6214916309,-1.30871081814152,0.523733452733291,0.000843242474653288,0.0383135721808561,"down"
"gene-LOC142985614",36.0583330184383,-1.99765004212949,0.859344700326777,0.000867649210481376,0.0387631450091116,"down"
"gene-mRpL39",201.581084970382,1.21915634506255,0.473263916554027,0.000865394885571484,0.0387631450091116,"up"
"gene-Drp",9441.6589236048,-1.10563025238246,0.426338363438791,0.000866872337899788,0.0387631450091116,"down"
"gene-LOC142972885",736.008368493617,3.35216954011369,1.71140621796979,0.000884034204525428,0.0392493861904451,"up"
"gene-LOC142985182",1556.98668650016,2.67421091849369,1.28086777220811,0.000893826647250729,0.0392493861904451,"up"
"gene-LOC142987482",128.114501449282,2.5306845862588,1.19170088093358,0.000911529460707057,0.0392493861904451,"up"
"gene-Mf",3981.43073104243,2.10562042753858,0.926591481941009,0.000906644562131732,0.0392493861904451,"up"
"gene-LOC142986780",457.333519499638,1.81373562228337,0.786184324380173,0.000899157743425343,0.0392493861904451,"up"
"gene-LOC142977953",12170.5184530257,1.54611682115958,0.649082250503064,0.000908852334356314,0.0392493861904451,"up"
"gene-LOC142982570",4810.3414605343,1.39824352948978,0.573132610769332,0.000896815043852478,0.0392493861904451,"up"
"gene-LOC142983257",24864.1472875379,-1.04041076488938,0.397146934966286,0.000897320695500871,0.0392493861904451,"down"
"gene-LOC142986608",270.248602328925,3.32699702395343,1.67066435757501,0.000917918808159162,0.0393464656686603,"up"
"gene-Tapdelta",904.313210435483,2.14820253404078,0.975906155663867,0.000940736721871922,0.0401437248669651,"up"
"gene-LOC142981792",322.380426261912,2.17252653674603,0.997381798454984,0.000950756119361975,0.0403901572850382,"up"
"gene-LOC142981795",42.9418214966336,0.277132036953387,0.569941291598688,0.000957902381215721,0.0405128847095502,"up"
"gene-RpS23",43866.1819245104,1.01963793111483,0.389265862851799,0.000964770876980535,0.0406228303776406,"up"
"gene-RpL8",22993.0221630376,1.04699839650414,0.405033619522813,0.000971610022265186,0.0407305769686146,"up"
"gene-LOC142975049",46.2204919840821,2.96851282111129,1.44479925999369,0.000982022072114718,0.0407886784882723,"up"
"gene-LOC142972510",6173.96888715383,-1.52577551645443,0.649325256938918,0.000985854986580773,0.0407886784882723,"down"
"gene-RpL30",29987.6078461367,1.16332671547032,0.464476140827113,0.000982495636281958,0.0407886784882723,"up"
"gene-PPP1R15",962.794411776868,-1.21452004644193,0.489509742492907,0.000990540113070691,0.0408051069955874,"down"
"gene-LOC142982251",101841.455548736,3.87819950642469,2.17159939227029,0.000999648291766309,0.0409838092806138,"up"
"gene-LOC142984164",156.992809355054,1.20247578496052,0.481680251492816,0.0010034917572912,0.0409838092806138,"up"
"gene-LOC142985254",195.625724598686,-2.13831865093569,1.00231954709767,0.0010167271853741,0.0413469055385468,"down"
"gene-Uccr",3256.15174332796,1.73464636419308,0.767838600690717,0.00103217001729528,0.0417962973811995,"up"
"gene-LOC142983210",2907.56326578928,3.01868400246228,1.53815581672779,0.00106064680116344,0.0427674362706413,"up"
"gene-LOC142972623",18.5395781025465,2.34265535701721,1.10483292157381,0.00108022746802239,0.0428487965984622,"up"
"gene-LOC142974687",34092.7246989487,2.15508607601936,0.992961630950428,0.00108104387502533,0.0428487965984622,"up"
"gene-LOC142974166",169.470557846124,2.04457694364427,0.948010968418191,0.00107153734807479,0.0428487965984622,"up"
"gene-COX7B",3707.71554548787,1.44030102376328,0.615269543138219,0.0010851786444125,0.0428487965984622,"up"
"gene-RpS20",15961.3211935269,1.37709073996021,0.582945733512634,0.00107648067539902,0.0428487965984622,"up"
"gene-CPG20",29.8078762584944,4.01746824671081,2.40149621592634,0.00113512080091531,0.0436810359520835,"up"
"gene-Pax",771.05743175977,2.40415951691262,1.16812838329817,0.00111662175952829,0.0436810359520835,"up"
"gene-LOC142983437",20.5382659090796,2.3176283604392,1.11091252529065,0.00112853515592611,0.0436810359520835,"up"
"gene-LOC142974253",108.803948835229,1.86614451019975,0.853825034082323,0.00112266700867787,0.0436810359520835,"up"
"gene-LOC142979957",39.7321304765599,1.81866710592696,0.834289276187931,0.00115674874526325,0.0436810359520835,"up"
"gene-Tm1",22555.6919607272,1.69390362969981,0.760331803917423,0.00112460205152194,0.0436810359520835,"up"
"gene-mRpL46",402.979197992833,1.0261907456966,0.40267199942899,0.00114591874728933,0.0436810359520835,"up"
"gene-Spase22-23",9016.80962463913,-0.896099843126305,0.339358496628912,0.00113242790878243,0.0436810359520835,"down"
"gene-LOC142984629",28.8861863749308,0.377492521432763,0.730866262827727,0.00115540764864007,0.0436810359520835,"up"
"gene-LOC142985477",309.659217531773,1.66792555156214,0.748530069815052,0.00116611966178856,0.0438608486228455,"up"
"gene-LOC142983813",134.876190900024,2.05227664863545,0.97410737624304,0.00118776412732415,0.0439111505551068,"up"
"gene-Jheh-lp4",3655.42832776392,1.85714419184089,0.863283953382914,0.00119052930256595,0.0439111505551068,"up"
"gene-mIF2",44.474729895411,1.48369411485033,0.643403624743678,0.00118900942631868,0.0439111505551068,"up"
"gene-LOC142983530",13226.2572916349,-1.31695358137583,0.560050779108503,0.00118817618539473,0.0439111505551068,"down"
"gene-LOC142976402",64.3831960155977,0.382023982396213,0.740148391983564,0.00117906970579886,0.0439111505551068,"up"
"gene-LOC142974227",1224.46345651997,-1.84936577750675,0.869247569088187,0.00123264015999756,0.0451146298559105,"down"
"gene-Fer1HCH",132298.193687131,-1.0717398332108,0.432151997139663,0.00122990394999077,0.0451146298559105,"down"
"gene-S-Lap",39.9787319906576,2.55725744465376,1.32342875191495,0.00128291932961907,0.0465964135139507,"up"
"gene-LOC142981173",5616.85193623263,-2.05358025099515,1.01082054396666,0.0012971603503817,0.0469345167081073,"down"
"gene-LOC142975679",1497.80660468851,2.15724797841389,1.0634015298254,0.00131442178386358,0.0470226981024279,"up"
"gene-S6KL",324.363418879515,-1.32482250884796,0.573007681032011,0.00131188366609348,0.0470226981024279,"down"
"gene-sgg",2079.02413723169,-0.642302547933424,0.228165168628736,0.00130837922527858,0.0470226981024279,"down"
"gene-Vdup1",20.977559799078,1.73757625459196,0.80549915062975,0.00137860350793129,0.0491340486197534,"up"
"gene-Fdh",9309.61362561455,1.46283785117465,0.656411520333455,0.00138960604814293,0.0491579596807738,"up"
"gene-Nup44A",378.93919579936,-1.27194628798464,0.549080146978436,0.00138937093910601,0.0491579596807738,"down"
