gene_id,baseMean,log2FoldChange,lfcSE,stat,pvalue,padj,regulation
gene-LOC142975131,278.5296226784852,6.996338268131421,1.1675338267662012,6.600198807998789,4.1060677730896816e-11,4.008753966867457e-07,up
gene-LOC142973394,1546.9673845062237,-2.4675033026890647,0.4187445097861654,-6.428724950833548,1.2867872000737188e-10,6.28145171715986e-07,down
gene-LOC142983500,1315.5926848349866,-1.857919950522851,0.3201318223282244,-6.310497066290049,2.7814068618160567e-10,9.051625063970056e-07,down
gene-LOC142980845,417.1908033196032,-4.155324276979063,0.7383308092960762,-6.194365435209992,5.852031163702093e-10,1.4283345062805883e-06,down
gene-LOC142976493,1228.10521378227,6.622906038914976,1.4528901053141263,5.380782801245374,7.416263173436073e-08,0.0001448099547245,up
gene-LOC142976171,1202.787146526915,-2.286211289060688,0.5118136703816527,-5.149646636787525,2.6097767100978134e-07,0.0004109402798302,down
gene-LOC142974572,544.7768739079004,5.522649316564992,1.2879289700256369,5.126842888878367,2.946411921347615e-07,0.0004109402798302,up
gene-Tgs1,1254.8969801105784,-1.7071803034340085,0.3819313002410627,-5.099455347372164,3.406322121537794e-07,0.0004156990359071,down
gene-LOC142980293,420.5117087038813,7.02172594813106,1.7391213005502453,5.005997516084326,5.557347350182207e-07,0.0006028486908869,up
gene-LOC142972829,265.5559807696049,4.692519883254954,1.1834928073216109,4.8502210465262,1.2332396100837152e-06,0.0012040118313247,up
gene-LOC142976728,1753.4305587008832,-1.9075210902913908,0.4657159956611225,-4.804604646295082,1.550575868925338e-06,0.0013762065643925,down
gene-Sulf1,144.7272704504769,2.046543992506452,0.5198222290658441,4.688102779734232,2.7574952709298138e-06,0.0019369763782892,up
gene-LOC142977673,348.6013074050348,-2.260661755951528,0.5721625721600535,-4.709865985351791,2.478797260617111e-06,0.0019369763782892,down
gene-LOC142981377,33.63371462673968,3.926270156172871,1.0292230196159455,4.68661586791938,2.7775959537077667e-06,0.0019369763782892,up
gene-LOC142984165,146.97834702599968,6.407788451347028,1.789447912794257,4.610420796771976,4.018547235274496e-06,0.0026155384438656,up
gene-LOC142981527,1788.8062821655392,-1.449156919307311,0.3723875073183679,-4.565164323381315,4.991032326515331e-06,0.0030304348467481,down
gene-LOC142984745,179.39989719677342,4.47440173620205,1.2422369514447835,4.553470820027869,5.276799384893883e-06,0.0030304348467481,up
gene-ae48,773.5173469377643,1.602126287888619,0.4265545997655837,4.483226781466626,7.352272051125087e-06,0.0032900193321171,up
gene-LOC142980547,1365.0758402065385,-3.579572765984005,1.0045070627746004,-4.467147390920891,7.92695172956895e-06,0.0032900193321171,down
gene-LOC142983202,604.996190924303,5.0334324824958685,1.4322723397778554,4.512275465102639,6.413581590431468e-06,0.0032900193321171,up
gene-LOC142975908,851.3228562736404,6.052571331884698,1.815559044189794,4.462848454672022,8.087725491223084e-06,0.0032900193321171,up
gene-LOC142980297,5287.040542898495,6.577150395890958,1.9640790960957049,4.515621842098214,6.313123534249908e-06,0.0032900193321171,up
gene-LOC142980304,1251.7549523067407,6.827016490075192,2.068516620195065,4.471966436998905,7.750359362838337e-06,0.0032900193321171,up
gene-LOC142987493,806.2105014390614,6.98344464898854,2.0998871831206043,4.488454195735505,7.174184500730354e-06,0.0032900193321171,up
gene-LOC142979329,167.1146772043329,3.1605588680469467,0.9000581166475242,4.424295749578772,9.67573954869378e-06,0.0037785698085558,up
gene-LOC142975272,276.71650089127166,3.969306790142652,1.1966212197415456,4.322399112185787,1.543416652255581e-05,0.0055808802873967,up
gene-Csk,562.2443165545864,-1.3286159824767032,0.3748916041861624,-4.250075015499227,2.136989341631438e-05,0.0071942851525336,down
gene-LOC142976163,682.9750114199261,-1.4107898049695928,0.4003679467419294,-4.2517223093146805,2.121327924926282e-05,0.0071942851525336,down
gene-LOC142974561,779.2844855897409,-1.2599005088880884,0.3537161855242604,-4.241510651554889,2.2202035097021493e-05,0.0072252822884073,down
gene-swi2,89.9518062522373,2.52292255916668,0.7663466220847261,4.221444637958152,2.427415773986049e-05,0.0074058938129455,up
gene-LOC142987660,6304.527209782184,4.138451751822897,1.318335188224375,4.223405073806505,2.406387502457091e-05,0.0074058938129455,up
gene-LOC142981576,65.60045521545176,2.5164704835357825,0.7650453590765361,4.2125369572304106,2.525183821609716e-05,0.0074707180758714,up
gene-LOC142983536,50.07449410548717,-3.010542315250744,0.914919651300094,-4.174969116848924,2.980264813002737e-05,0.0084009108996687,down
gene-LOC142987118,26.82763867478005,3.5905473902843954,1.110083072482644,4.172580151707617,3.0116960103288628e-05,0.0084009108996687,up
gene-bent,1071.63835472076,3.576145999474382,1.1478132323168422,4.14560988531528,3.3891042015880336e-05,0.0091910623111399,up
gene-LOC142978904,558.8062826683553,-1.7820223121350909,0.5391971534762132,-4.135140960346712,3.547368252975196e-05,0.0093602584469721,down
gene-LOC142986144,13.627634234972788,6.520629680942361,1.8555222549235808,4.109284199338148,3.968873996884855e-05,0.0101968728504175,up
gene-LOC142987496,17.52151782394113,-3.9801907376180536,1.1479579550100727,-4.097111002410171,4.1833833143426e-05,0.0104724028969043,down
gene-qin,269.47784691863023,-1.1347851686646349,0.3319780633843051,-4.084526047327743,4.416687216386158e-05,0.0105809312037861,down
gene-LOC142987562,5590.53339218298,4.599552161520859,1.5937980164880858,4.083120716363348,4.443492567399689e-05,0.0105809312037861,up
gene-GSTd2,317.2994964062869,3.829453583614274,1.3017427654821987,4.050346715778514,5.114180118436839e-05,0.0117292828214506,up
gene-LOC142987554,1264.1310528506003,5.533791370618913,1.9789486124712523,4.047985869539793,5.1660264398481736e-05,0.0117292828214506,up
gene-LOC142974889,2652.401009435349,-0.8592827332133085,0.2455590008617835,-4.011086196546496,6.044003719889004e-05,0.012112123864633,down
gene-SerRS,1077.960565371145,1.1699941899587334,0.3529364238206989,4.013965279159538,5.970713319611605e-05,0.012112123864633,up
gene-Zasp66,795.3094372237332,2.826750429862042,0.95409797118677,3.996378177736295,6.431895626343434e-05,0.012112123864633,up
gene-LOC142986440,607.7411834259317,2.970049930242437,1.0126324440307175,3.9881670281619663,6.658577760127008e-05,0.012112123864633,up
gene-A1,27342.261999001912,3.1480818770571206,1.0569040874012756,3.990384472163967,6.596627497671746e-05,0.012112123864633,up
gene-LOC142987478,326.919450599644,3.268430911522578,1.128467420861292,3.995655708682341,6.4515436752449e-05,0.012112123864633,up
gene-P5CDh1,203.52005865027704,3.403136365904657,1.1804328670716848,3.9873000183133622,6.682949403753651e-05,0.012112123864633,up
gene-LOC142982861,25.456225150709944,-3.568208610773069,1.1418459146868023,-4.008412356668979,6.112831646248573e-05,0.012112123864633,down
gene-LOC142986485,82.55239741600255,3.7876969636545463,1.3064277322879112,4.0188179222325005,5.84908476893529e-05,0.012112123864633,up
gene-LOC142982120,6683.241272309296,5.2721769082749,1.939543732025083,4.018132995879649,5.866108663849218e-05,0.012112123864633,up
gene-Atg3,375.2264578273783,-1.01476882564071,0.3044854878755941,-3.963073770433739,7.399090565765898e-05,0.0131340583988313,down
gene-LOC142981803,50.60597886190889,3.683259954691127,1.308045310618114,3.952165895793263,7.744701751742431e-05,0.0135020577146895,up
gene-LOC142978182,2330.2612210055327,-1.3852818688215975,0.4401567570761219,-3.947394147407578,7.900643048032219e-05,0.0135322768557786,down
gene-Scp1,28.30324780564125,5.402353889603364,1.9636872974331043,3.9373885134209865,8.237318159712526e-05,0.0138656788264264,up
gene-Prpk,52.855097562395166,2.202627849416191,0.7477299537067676,3.926247573794504,8.628134957834528e-05,0.0138994547548855,up
gene-LOC142974982,561.2133204479534,-2.626417299833691,0.9061594479418786,-3.926508454463285,8.618786421265723e-05,0.0138994547548855,down
gene-LOC142987152,176.63680056390376,3.831980807619062,1.39295528930887,3.924680567743796,8.684489808952337e-05,0.0138994547548855,up
gene-MESR6,121.30437204293192,1.392115539448958,0.4537357258506744,3.892368130327112,9.927046035569047e-05,0.0156318952331065,up
gene-RpL18A,10392.183526736282,1.2057415926071593,0.3845279099381881,3.8864770660976737,0.0001017095306672,0.0156975594239821,up
gene-LOC142979623,330.8831165492607,-1.7356925418165847,0.5852441839111246,-3.879872932634073,0.0001045110480957,0.0156975594239821,down
gene-LOC142983791,738.4079977062216,-2.758055948431092,0.9771223494096472,-3.882431475624938,0.0001034171642782,0.0156975594239821,down
gene-LOC142977821,484.9976210855879,-1.5962059961883397,0.532993074590781,-3.8728138216556895,0.000107586012051,0.0158996079175172,down
gene-LOC142982385,633.4253735436383,3.3284842542440045,1.244930504225137,3.869378008458869,0.0001091133596715,0.0158996079175172,up
gene-LOC142982843,236.04151525550895,3.15951953849519,1.1694359814225106,3.864606970650185,0.0001112682192371,0.0159751709472461,up
gene-LOC142973753,230.52170361570643,3.325836708656983,1.238641705393664,3.860637192069911,0.0001130917210305,0.0160016590205954,up
gene-LOC142981396,424.9605051373713,-1.558410210092286,0.5276565119540678,-3.83841600118166,0.00012383056112,0.0167910801140923,down
gene-LOC142981347,73.00420426652572,-1.870977487690557,0.6489862339011003,-3.840688253784086,0.0001226898426643,0.0167910801140923,down
gene-LOC142977906,21.788416207361465,-3.486640517997821,1.2126479823068543,-3.83977905470404,0.0001231450856088,0.0167910801140923,down
gene-LOC142972778,8374.906104114927,-1.1124092641425487,0.3617088984810628,-3.79812407288928,0.00014579534289,0.0192285768730239,down
gene-mRpL27,386.6188394239775,1.6573654949523178,0.5799608249259298,3.800598153367901,0.0001443472264254,0.0192285768730239,up
gene-LOC142984753,789.8869660875284,1.801098853515701,0.6409768025747613,3.794879507242271,0.0001477151762241,0.0192285768730239,up
gene-LOC142987507,929.3586994054646,-1.6580869339426287,0.5794056056497662,-3.7914055474517,0.000149797117232,0.0192430165202151,down
gene-LOC142984948,45.46387576557181,3.5311111089498866,1.3977493686538471,3.775726464108165,0.0001595419970878,0.0202286820463472,up
gene-LOC142975219,560.6833570714249,1.3425117595367404,0.4598184174996603,3.7646526076541305,0.0001667807861263,0.0208753950634771,up
gene-LOC142973763,196.4152681391507,1.786491405580046,0.6475556900997019,3.750238353582099,0.0001766665606122,0.0217282760783025,up
gene-LOC142974567,6369.120264089462,3.293383851520168,1.3190671061008847,3.7482877812626016,0.0001780458963703,0.0217282760783025,up
gene-LOC142982198,2565.6125387701977,1.687183604991276,0.6115790636633631,3.739281519996171,0.0001845469625574,0.0219706325081041,up
gene-LOC142985541,3339.952841194034,1.8183046898724744,0.6642951541258311,3.741137066763876,0.0001831895743512,0.0219706325081041,up
gene-LOC142987700,14.296449940951222,3.747356318011752,1.4779069826115,3.736252645891727,0.0001867830070851,0.0219706325081041,up
gene-Prm,4093.790317330217,2.357825724982086,0.8952070215294526,3.7249973411785406,0.000195317280611,0.0227009834595881,up
gene-Mlc2,14503.780322882114,2.673209501494114,1.0647343346700189,3.693927579333333,0.000220816715036,0.0250678324290391,up
gene-LOC142981750,323.6238204633417,4.234305320964289,1.859875668277698,3.696767679282357,0.0002183620007503,0.0250678324290391,up
gene-Ih,192.09255457936624,2.5634097483783305,1.0204320614715527,3.683700658346301,0.000229872172597,0.0257958852996028,up
gene-LOC142973201,251.6309911206256,2.5530860118605365,1.0251835485828151,3.674589241068448,0.000238232367844,0.0264302569007025,up
gene-Fer2LCH,106272.91145453522,-1.195896803742753,0.4144379372622165,-3.671677148034701,0.0002409639655712,0.0264329347850813,down
gene-LOC142982170,508.5718219585021,4.049784564917771,1.8296191241796445,3.6609527373520896,0.0002512791129585,0.0272581997757168,up
gene-Mlc1,7905.315147155456,2.6103085387733174,1.0600400549018871,3.653810071825733,0.0002583774241511,0.0274188999129144,up
gene-LOC142975666,189.69196575014416,2.8346928964844564,1.1747183512647454,3.654322179458058,0.000257862304473,0.0274188999129144,up
gene-TpnT,12963.449410844669,2.811837180148936,1.160655299441944,3.650219057008171,0.0002620167563661,0.0275061246494915,up
gene-Agpat1,225.07418048698048,-1.6378271175473,0.6155704222578364,-3.6434270366029047,0.0002690319397383,0.0276249134580431,down
gene-LOC142978021,517.9450777408961,-2.9915553530234256,1.192271497987919,-3.640947085848693,0.0002716369652742,0.0276249134580431,down
gene-Mp20,8404.183734003875,2.352585308744198,0.9509780455581752,3.636943193513839,0.0002758927459185,0.0277684626639472,up
gene-Tm2,11699.774720750867,2.620090517399188,1.0950065125739803,3.6182126264259367,0.0002966446438558,0.0295524658975986,up
gene-LOC142973055,805.0898334135098,1.8973804274235544,0.7490620679454981,3.6150983714643146,0.0003002335959172,0.0296078848175778,up
gene-Nacalpha,5690.148783660347,0.8169438667058477,0.269342727455459,3.5980661953467967,0.0003205920333488,0.0312994002158478,up
gene-LOC142982780,177.92044773502502,-0.2639053194456627,0.5275617544425242,-3.579080155968835,0.0003448057079061,0.0321510808511574,down
gene-LOC142975995,56.43654751122756,0.2899483589918453,0.4147515958705581,3.564965584765305,0.0003639039353278,0.0321510808511574,up
gene-awd,18375.46002881164,0.6888046897013964,0.2226139847610471,3.5619528838329324,0.0003681064559326,0.0321510808511574,up
gene-Hs6st,105.86794778417745,-1.1275963698463525,0.4058912183541516,-3.5744565538243145,0.0003509560800117,0.0321510808511574,down
gene-LOC142985757,75.67087916607711,1.402791892806274,0.534574409798963,3.572311607767656,0.0003538440207236,0.0321510808511574,up
gene-LOC142983720,12623.565854425357,-1.4590523130237465,0.5592264925172818,-3.57151295054993,0.0003549249943429,0.0321510808511574,down
gene-Swim,2796.8182506498592,-1.847989916382549,0.7391146006712207,-3.5773336402417235,0.0003471169981456,0.0321510808511574,down
gene-Scp2,76.4921080934344,2.185368005253715,0.926798588242041,3.5614349757523263,0.0003688334584993,0.0321510808511574,up
gene-Obsc,289.4040007890872,2.7497268688264715,1.1961385817374683,3.567619832964802,0.0003602386471054,0.0321510808511574,up
gene-Mhc,9475.537669126952,2.773805802515614,1.205571438656632,3.56429649155092,0.0003648333828151,0.0321510808511574,up
gene-LOC142975585,1385.74033211845,3.0250606859441254,1.358088190288301,3.5818195817590586,0.0003412094086825,0.0321510808511574,up
gene-LOC142986688,1330.5897371984995,-1.3609129283726036,0.5147763215488667,-3.558439879487049,0.0003730641583057,0.0322320829870712,down
gene-RpL5,28400.828283142226,0.9250228041097138,0.3199107970762214,3.555062804157165,0.0003778888144011,0.0323625306578794,up
gene-Dredd,1311.352699786671,-1.107201913207381,0.4022631480238631,-3.552401843094157,0.0003817314097202,0.0324073369834712,down
gene-LOC142981806,352.1276808580804,3.030150384149158,1.3909317407157549,3.5486773056574075,0.0003871712389366,0.032585800049474,up
gene-LOC142977695,5773.10753333461,-1.2291209387251216,0.4588305476485164,-3.545583044264683,0.0003917455291411,0.0326889880427803,down
gene-Spase22-23,8919.638868465308,-0.9502119667670744,0.3359407035768741,-3.532502060979603,0.0004116470173982,0.0334909152571605,down
gene-slgA,99.70909283363976,1.7766727147956405,0.7282291417812982,3.53594949629664,0.000406312362173,0.0334909152571605,up
gene-LOC142979365,78.92455104130723,3.2077946698064546,1.5079356178882368,3.5337570186365936,0.0004096975341434,0.0334909152571605,up
gene-LOC142982641,2274.5555246345807,-2.679832968879468,1.1854086766444811,-3.5179918556828684,0.0004348257075703,0.0350843254794143,down
gene-LOC142987839,25.43788649823694,2.9375089491302546,1.339800053149457,3.515768490439028,0.000438483153666,0.0350894346659185,up
gene-LOC142974453,7276.193217307413,2.602517087329048,1.1834085329251836,3.50784796512038,0.0004517471399827,0.0358569701435125,up
gene-LOC142974059,146.2655822099231,2.893648028659748,1.343489152736899,3.5042052761766254,0.0004579721868238,0.0360579230642043,up
gene-LOC142975113,208.3474023105214,1.7982717813878923,0.761517027764869,3.493129908704707,0.0004773942055973,0.0372863970339745,up
gene-LOC142975399,635.7644990755475,-1.0806972536465829,0.4033088567653603,-3.482295271337349,0.000497135194758,0.0379182102064254,down
gene-LOC142978316,24.87784308906517,-2.1585907995135183,0.8770786283548362,-3.4844084023741693,0.0004932262527958,0.0379182102064254,down
gene-LOC142972881,1218.896008995904,3.524619914239205,1.8104835369094556,3.48376892600043,0.0004944061432546,0.0379182102064254,up
gene-eIF3l,2304.599757050676,0.6284015754292436,0.2049736076076563,3.4774434887883148,0.0005062197481783,0.0383118093136814,up
gene-ftz-f1,115.64585416744076,1.6356950676525113,0.6874198939441812,3.467826871979513,0.0005246851999049,0.0385150496742273,up
gene-LOC142972623,19.28495526353356,2.629904199875892,1.2244686527457345,3.4687278711222067,0.0005229288471448,0.0385150496742273,up
gene-LOC142972999,409.5776641357755,2.9380049047011045,1.44588624033019,3.4703192581617035,0.0005198400733065,0.0385150496742273,up
gene-SmydA-1,38.47870858412623,2.9872321528081907,1.4592389235207952,3.468479890473261,0.0005234116981983,0.0385150496742273,up
gene-RpS24,21255.09447434812,1.2829525365222254,0.5125408299342468,3.459346100909164,0.0005414886222968,0.0390509790603336,up
gene-ITP,37.8581344387246,2.067513179008749,0.9276683410977138,3.460934737366119,0.0005383032942086,0.0390509790603336,up
gene-LOC142973388,216.21549641864544,2.31328042221148,1.0749173393980709,3.4581067570941677,0.000543985778163,0.0390509790603336,up
gene-LOC142977753,656.5698627866927,2.113946822936952,0.952766966167972,3.454745979556195,0.0005508115117161,0.0392523561232484,up
gene-eEF1gamma,15270.487632551774,0.8218153602631232,0.2898280639288787,3.445856798411903,0.0005692519304588,0.0402558641402723,up
gene-LOC142980935,966.33986787109,2.579862835766814,1.2290793958860549,3.4440168755294973,0.0005731399278395,0.0402558641402723,up
gene-LOC142976989,20.474404116363186,5.290609216508503,2.997336718935069,3.439829599904035,0.0005820805428244,0.0403039173020955,up
gene-LOC142978362,18.37176748770183,-7.987601683622299,3.05009557480655,-3.439930597916674,0.0005818633735267,0.0403039173020955,down
gene-RpL4,21394.899378620117,0.898953729832362,0.3298263846467112,3.4360930380492736,0.0005901682647792,0.0404643796316016,up
gene-LOC142983795,32200.07673623524,-1.2285603536263023,0.4883069163963643,-3.434938957744976,0.0005926873181725,0.0404643796316016,down
gene-RpS2,21938.431966373504,0.8935550952690895,0.3273798496836988,3.414396238748249,0.000639235365214,0.0413301647058587,up
gene-NitFhit,538.4183517333403,-1.0825880097064358,0.4171065307803835,-3.4241643384680054,0.000616693155682,0.0413301647058587,down
gene-LOC142980898,277.35863878735483,-1.342490142790757,0.5504833653659106,-3.4178260001736773,0.0006312344793446,0.0413301647058587,down
gene-LOC142975743,341.3379560884578,1.5961257511225884,0.6882348766053572,3.418191660294639,0.0006303869918574,0.0413301647058587,up
gene-LOC142982914,855.000836284779,2.1733564949751862,1.0223815258350943,3.4152433144030616,0.000637250597425,0.0413301647058587,up
gene-Marc,247.47047196460176,2.735972901936329,1.380603595513494,3.4148991029336755,0.0006380564207381,0.0413301647058587,up
gene-TpnC25D,1201.8081680324117,2.915529896583821,1.506076763931098,3.4181467172856848,0.0006304910988187,0.0413301647058587,up
gene-LOC142974959,893.8875275948841,3.471192974200125,1.9177820079000087,3.420681991886208,0.0006246432639746,0.0413301647058587,up
gene-LOC142974785,56.49439759484667,1.593468589240019,0.6928603650302676,3.408343918530248,0.0006535846336498,0.0419799130152878,up
gene-RpL10Ab,15487.946664969902,1.0191883077880617,0.3925826998603206,3.3988677182463705,0.0006766543474735,0.0421881689775478,up
gene-LOC142985614,35.65924139990597,-2.0397187677068893,0.8925587196262262,-3.4008542493725806,0.0006717563410354,0.0421881689775478,down
gene-wupA,20382.283838537183,2.2170372198025947,1.0621680690752708,3.3993162209573464,0.0006755456228654,0.0421881689775478,up
gene-LOC142981173,5638.030378420462,-2.233005872551593,1.0462265510145137,-3.3981495930029606,0.0006784331178403,0.0421881689775478,down
gene-serpin-29,94.49710847147328,2.6375173133797785,1.335109908109704,3.403947606134313,0.000664194921525,0.0421881689775478,up
gene-UGT39B1,77.19296815849027,-1.425172599938461,0.5976444349618009,-3.395030577259184,0.0006862093628839,0.0424016582901035,down
gene-spn-A,284.17926120541443,-1.2149262394895877,0.4945386365610273,-3.3792435825074394,0.0007268557665733,0.0440763530997228,down
gene-LOC142983576,51.95073315997191,2.539106946090674,1.2577545317983605,3.3804508713714205,0.0007236701108129,0.0440763530997228,up
gene-LOC142981595,1191.834233120009,3.1417965073070024,1.7734056994906744,3.3798564591808344,0.0007252369532422,0.0440763530997228,up
gene-RpL12,20660.784817201344,1.061771012248029,0.4201317913268244,3.3726778591827173,0.000744409907771,0.0443150849363969,up
gene-LOC142986267,26.60135510246096,-1.8314835786783028,0.8200339567796482,-3.3734901830417345,0.0007422169304502,0.0443150849363969,down
gene-LOC142973183,71.51601311533157,3.7374018183146616,2.2341845519304524,3.368189895269441,0.0007566346199057,0.044684280170224,up
gene-sta,6912.906761144916,1.0871293183829691,0.431443457423757,3.365083721164114,0.000765204366466,0.0447346720347814,up
gene-LOC142972882,230.3001289560725,2.868411077955338,1.5748595273322856,3.3606040702004414,0.0007777222480143,0.0451958470676419,up
gene-LOC142978752,1694.944338233099,3.0609018600323328,1.7315160173557878,3.353652313879988,0.0007975250628982,0.0460724094028141,up
gene-LOC142985248,484.0778515447553,2.221062227463249,1.115082867187236,3.35193740788292,0.0008024815971582,0.046086046076801,up
gene-Imp,684.4074670819499,1.046351167376686,0.4175400970895813,3.34207922363657,0.0008315332362299,0.0461264715074593,up
gene-RpL30,29804.595990592145,1.0554839285519422,0.4263146640193305,3.34321052054221,0.0008281504767956,0.0461264715074593,up
gene-PPP1R15,945.0511551083108,-1.1875596243682585,0.4916089085228441,-3.349069818621168,0.0008108336043907,0.0461264715074593,down
gene-LOC142981836,572.679376260608,1.922828462591328,0.9305825060594742,3.3459102995647303,0.0008201292227234,0.0461264715074593,up
gene-LOC142976512,43.0513648194561,2.2958439676699003,1.1698107133168134,3.342554857641788,0.0008301094555203,0.0461264715074593,up
gene-LOC142977501,2534.2272589274125,2.3926661822755624,1.2331152114856607,3.339762914551967,0.0008384993981088,0.0462501108685665,up
gene-LOC142974507,1299.2124969436584,-0.2994353360485266,0.5703016370724037,-3.330306072458085,0.0008675056856904,0.0462681304411584,down
gene-RpS20,15607.533453306874,1.2925475136952334,0.5575376652289242,3.3326052741148717,0.0008603691343359,0.0462681304411584,up
gene-LOC142975581,143.39204997054716,1.5107386178523154,0.6834485867485445,3.3358972531748514,0.0008502458143482,0.0462681304411584,up
gene-LOC142982930,711.96266850937,1.715603255273508,0.800992538480071,3.33625017470797,0.000849167110118,0.0462681304411584,up
gene-LOC142974253,110.25063478665652,1.973355815992505,0.977528793286902,3.3289433898938388,0.0008717612165354,0.0462681304411584,up
gene-GSTd3,1761.6765389808695,2.659627216508497,1.4924736044328644,3.3288671108083068,0.0008720000001201,0.0462681304411584,up
gene-LOC142987163,483.307550045631,3.0555704351553934,1.8286410821712813,3.3293163325314628,0.0008705946317299,0.0462681304411584,up
gene-LOC142981901,18.697624140798144,8.699513406349862,4.131115834780415,3.3261532549329123,0.000880535001045,0.0464684498119045,up
gene-LOC142975624,12.088658692215818,3.278043640288731,1.760498165542579,3.3196593214851613,0.0009012736051508,0.0473071731563843,up
gene-Nup44A,370.7472255348469,-1.2711727282786855,0.5491596765717166,-3.308854628970043,0.0009367846359311,0.0489081732652178,down
gene-LOC142985517,32.25058707816699,1.507059112767942,0.6974403199166714,3.3051146624506185,0.0009493755148067,0.0489842120322532,up
gene-LOC142984039,119.78809936007524,1.5650098532023478,0.7347327312750604,3.2995658479412366,0.0009683450703907,0.0489842120322532,up
gene-LOC142986780,445.4216484590456,1.7736538252572875,0.8665021157051952,3.302065271614333,0.0009597573356119,0.0489842120322532,up
gene-LOC142983813,133.31278388030046,2.0934537078924027,1.084185668281879,3.302981886799224,0.000956625667715,0.0489842120322532,up
gene-RpL8,22725.097737825567,0.9471743599636472,0.378427032365123,3.2929330269575345,0.0009914808896698,0.0498960202363219,up
