gene_id,protein_id,protein_length,PS00134_TRYPSIN_HIS,PS00134_match,PS00134_pos,PS00135_TRYPSIN_SER,PS00135_match,PS00135_pos,both_patterns
gene-BAEE,XP_075983212.1,411,PASS,LTAAHC,179,PASS,DSCRGDSGGALM,353,PASS
gene-CLIP11,XP_075989216.1,430,FAIL,,,FAIL,,,FAIL
gene-CLIP3,XP_075984579.1,390,PASS,LTAAHC,194,PASS,DSCQGDSGGPLM,334,PASS
gene-CLIP4,XP_075984691.1,601,PASS,LTAAHC,386,PASS,DSCQGDSGGPLM,535,PASS
gene-Coc,XP_075972437.1,267,PASS,VTAAHC,76,FAIL,,,FAIL
gene-Corin,XP_075985764.1,999,PASS,LTAAHC,783,PASS,DACQGDSGGPLL,930,PASS
gene-HtrA2,XP_075986885.1,700,FAIL,,,FAIL,,,FAIL
gene-LOC142972333,XP_075969475.1,797,FAIL,,,FAIL,,,FAIL
gene-LOC142972507,XP_075969821.1,325,PASS,LSAAHC,71,PASS,AACVGDSGGPLV,231,PASS
gene-LOC142973000,XP_075970612.1,486,PASS,VTAAHC,290,PASS,DSCAGDSGGPLL,426,PASS
gene-LOC142973589,XP_075971554.1,300,FAIL,,,FAIL,,,FAIL
gene-LOC142973725,XP_075971818.1,438,PASS,VTAGHC,213,FAIL,,,FAIL
gene-LOC142973802,XP_075971941.1,532,PASS,LSAAHC,332,PASS,DSCSGDSGGPLM,478,PASS
gene-LOC142973825,XP_075971964.1,382,FAIL,,,FAIL,,,FAIL
gene-LOC142973832,XP_075971971.1,258,PASS,LTAAHC,68,FAIL,,,FAIL
gene-LOC142973877,XP_075972015.1,269,PASS,LTAAHC,75,PASS,DACQGDSGGPLV,216,PASS
gene-LOC142973897,XP_075972043.1,426,FAIL,,,FAIL,,,FAIL
gene-LOC142974088,XP_075972390.1,588,FAIL,,,FAIL,,,FAIL
gene-LOC142974109,XP_075972376.1,344,PASS,LTAAHC,141,PASS,DACQGDSGGPIV,282,PASS
gene-LOC142974113,XP_075972381.1,270,PASS,ITAAHC,79,FAIL,,,FAIL
gene-LOC142974114,XP_075972382.1,268,PASS,LTAAHC,77,PASS,DSCTGDSGGPVV,215,PASS
gene-LOC142974115,XP_075972383.1,274,PASS,LTAGHC,83,FAIL,,,FAIL
gene-LOC142974202,XP_075972481.1,443,FAIL,,,FAIL,,,FAIL
gene-LOC142974236,XP_075972531.1,280,PASS,MTAAHC,91,FAIL,,,FAIL
gene-LOC142974258,XP_075972571.1,283,PASS,ITAAHC,77,FAIL,,,FAIL
gene-LOC142974259,XP_075972572.1,270,PASS,LTAAHC,79,PASS,DSCKGDSGGPVV,217,PASS
gene-LOC142974260,XP_075972573.1,270,PASS,LTAAHC,79,PASS,DSCKGDSGGPVV,217,PASS
gene-LOC142974261,XP_075972575.1,262,PASS,ITAAHC,77,FAIL,,,FAIL
gene-LOC142974262,XP_075972576.1,262,PASS,ITAAHC,77,FAIL,,,FAIL
gene-LOC142975017,XP_075973756.1,552,PASS,LTAGHC,342,PASS,DTCKGDSGGPLM,495,PASS
gene-LOC142975056,XP_075973853.1,251,PASS,LTAAHC,64,FAIL,,,FAIL
gene-LOC142975112,XP_075973917.1,1668,PASS,LSASHC,1384,PASS,DACLGDSGGPLM,1530,PASS
gene-LOC142975131,XP_075973979.1,272,PASS,LTAAHC,83,PASS,DQCQGDSGGPLY,223,PASS
gene-LOC142975207,XP_075974082.1,520,PASS,LTAAHC,64,PASS,DQCQGDSGGPLY,204,PASS
gene-LOC142975259,XP_075974114.1,284,PASS,LTAAHC,88,PASS,GICQGDSGGPLT,230,PASS
gene-LOC142975272,XP_075974128.1,296,PASS,LTAAHC,69,PASS,GQCSGDSGGPLY,246,PASS
gene-LOC142975290,XP_075974162.1,382,PASS,LTAAHC,168,PASS,DACRGDSGGPLM,323,PASS
gene-LOC142975421,XP_075974353.1,265,PASS,LSAAHC,64,PASS,DACQGDSGGPVA,215,PASS
gene-LOC142975428,XP_075974366.1,264,PASS,LSAAHC,63,PASS,DACQGDSGGPVA,214,PASS
gene-LOC142975433,XP_075974376.1,272,PASS,LTAAHC,65,PASS,GQCRGDSGSPIL,222,PASS
gene-LOC142975488,XP_075974457.1,251,PASS,LSAAHC,66,PASS,GQCRGDSGGPLY,202,PASS
gene-LOC142975505,XP_075974529.1,260,PASS,LSAAHC,28,PASS,DQCSGDSGGPLY,207,PASS
gene-LOC142975571,XP_075974620.1,251,PASS,LSAAHC,66,PASS,AQCRGDSGGPLY,202,PASS
gene-LOC142975585,XP_075974638.1,263,PASS,LTAAHC,64,PASS,DACQGDSGGPVA,213,PASS
gene-LOC142975714,XP_075974836.1,251,PASS,LTAAHC,66,PASS,GQCNGDSGGPLY,201,PASS
gene-LOC142976001,XP_075975295.1,285,FAIL,,,FAIL,,,FAIL
gene-LOC142976211,XP_075975604.1,258,PASS,LSAAHC,65,PASS,DQCQGDSGGPLY,209,PASS
gene-LOC142976218,XP_075975615.1,255,PASS,LTAAHC,65,FAIL,,,FAIL
gene-LOC142976225,XP_075975625.1,255,PASS,LTAAHC,65,PASS,DQCQGDSGGPLY,206,PASS
gene-LOC142976242,XP_075975645.1,255,PASS,LTATHC,65,PASS,DQCQGDSGGPLY,206,PASS
gene-LOC142976249,XP_075975657.1,255,PASS,LTAAHC,65,PASS,DQCQGDSGGPLY,206,PASS
gene-LOC142976261,XP_075975668.1,253,FAIL,,,FAIL,,,FAIL
gene-LOC142976267,XP_075975674.1,268,PASS,LTAAHC,79,PASS,AQCVGDSGGPLY,219,PASS
gene-LOC142976275,XP_075975680.1,253,PASS,LTAAHC,64,PASS,DQCQGDSGGPLY,204,PASS
gene-LOC142976292,XP_075975698.1,256,PASS,LSAAHC,66,PASS,DQCQGDSGGPLY,207,PASS
gene-LOC142976297,XP_075975700.1,314,PASS,LTAAHC,63,PASS,DVGKGDSGGPLV,214,PASS
gene-LOC142976298,XP_075975701.1,348,PASS,LSAAHC,110,PASS,DSCQGDSGGPMV,262,PASS
gene-LOC142976303,XP_075975708.1,256,PASS,LTAAHC,66,PASS,DQCQGDSGGPLY,207,PASS
gene-LOC142976311,XP_075975716.1,255,PASS,LTAAHC,64,PASS,DQCQGDSGGPLY,205,PASS
gene-LOC142976326,XP_075975734.1,254,PASS,LTAAHC,64,PASS,DQCQGDSGGPLY,204,PASS
gene-LOC142976342,XP_075975735.1,254,PASS,LTAAHC,64,PASS,DQCSGDSGGPLY,204,PASS
gene-LOC142976357,XP_075975742.1,254,PASS,LTAAHC,64,PASS,DQCQGDSGGPLY,204,PASS
gene-LOC142976359,XP_075975757.1,256,PASS,LTAAHC,64,FAIL,,,FAIL
gene-LOC142976372,XP_075975773.1,503,PASS,LTAGHC,72,PASS,DACQGDSGGPLF,214,PASS
gene-LOC142976375,XP_075975780.1,253,PASS,LTAAHC,64,PASS,DQCQGDSGGPLY,204,PASS
gene-LOC142976380,XP_075975795.1,253,FAIL,,,PASS,DQCQGDSGGPLY,204,FAIL
gene-LOC142976384,XP_075975810.1,251,PASS,LSAAHC,64,PASS,DQCSGDSGGPLY,202,PASS
gene-LOC142976388,XP_075975823.1,251,PASS,LTAAHC,64,PASS,DQCSGDSGGPLY,202,PASS
gene-LOC142976395,XP_075975838.1,251,PASS,LTAAHC,64,PASS,DQCQGDSGGPLY,202,PASS
gene-LOC142976399,XP_075975851.1,251,PASS,LTAAHC,64,PASS,DQCQGDSGGPLY,202,PASS
gene-LOC142976409,XP_075975861.1,249,PASS,LTAAHC,64,FAIL,,,FAIL
gene-LOC142976413,XP_075975874.1,248,PASS,LTAAHC,64,PASS,DQCQGDSGGPLF,199,PASS
gene-LOC142976419,XP_075975885.1,176,FAIL,,,PASS,DQCSGDSGGPLF,126,FAIL
gene-LOC142976426,XP_075975899.1,176,FAIL,,,PASS,DQCSGDSGGPLY,126,FAIL
gene-LOC142976446,XP_075975922.1,286,PASS,LTAGHC,81,FAIL,,,FAIL
gene-LOC142976487,XP_075976002.1,256,PASS,LTAAHC,68,FAIL,,,FAIL
gene-LOC142976493,XP_075976014.1,255,PASS,LTAAHC,66,PASS,DQCQGDSGGPLY,206,PASS
gene-LOC142976503,XP_075976027.1,253,PASS,LTAAHC,64,FAIL,,,FAIL
gene-LOC142976510,XP_075976039.1,252,FAIL,,,FAIL,,,FAIL
gene-LOC142976519,XP_075976051.1,251,PASS,LTAAHC,64,FAIL,,,FAIL
gene-LOC142976526,XP_075976064.1,251,PASS,LTAAHC,63,FAIL,,,FAIL
gene-LOC142976563,XP_075976110.1,268,PASS,ITATHC,66,PASS,DACTGDSGGPLL,204,PASS
gene-LOC142976566,XP_075976113.1,451,FAIL,,,PASS,GACVGDSGGPLQ,395,FAIL
gene-LOC142976586,XP_075976132.1,288,PASS,VTAAHC,64,PASS,GTCHGDSGSPLV,200,PASS
gene-LOC142976595,XP_075976146.1,500,PASS,LTAGHC,81,FAIL,,,FAIL
gene-LOC142976816,XP_075976499.1,666,PASS,LTAAHC,135,PASS,DSCQGDSGGPLL,275,PASS
gene-LOC142976817,XP_075976500.1,614,PASS,VTAAHC,97,PASS,DACTGDSGGPLV,241,PASS
gene-LOC142976887,XP_075976579.1,300,PASS,LTAGHC,107,PASS,NICSGDSGGPIA,247,PASS
gene-LOC142976888,XP_075976580.1,291,PASS,ITAAHC,94,PASS,STCRGDSGGPLV,236,PASS
gene-LOC142976889,XP_075976582.1,291,PASS,LTAAHC,95,PASS,GTCQGDSGGPLV,237,PASS
gene-LOC142976890,XP_075976583.1,291,PASS,ITAAHC,95,PASS,GTCNGDSGGPLI,237,PASS
gene-LOC142976891,XP_075976584.1,289,PASS,ITAAHC,93,PASS,STCRGDSGGPLA,235,PASS
gene-LOC142976892,XP_075976585.1,283,PASS,LTAAHC,93,PASS,STCKGDSGGPIV,230,PASS
gene-LOC142976894,XP_075976587.1,100,PASS,LTAAHC,93,FAIL,,,FAIL
gene-LOC142976976,XP_075976741.1,693,FAIL,,,FAIL,,,FAIL
gene-LOC142976981,XP_075976748.1,292,PASS,VTAAHC,96,PASS,GICGGDSGGPLA,238,PASS
gene-LOC142976993,XP_075976762.1,293,PASS,VTAAHC,97,PASS,GICGGDSGGPLA,239,PASS
gene-LOC142977012,XP_075976793.1,285,PASS,VTAAHC,90,PASS,GTCGGDSGGPLV,231,PASS
gene-LOC142977033,XP_075976822.1,259,PASS,LTAAHC,67,PASS,DTCRGDSGGPLY,210,PASS
gene-LOC142977034,XP_075976823.1,258,PASS,LTAAHC,66,PASS,GTCRGDSGSPVF,208,PASS
gene-LOC142977036,XP_075976826.1,256,PASS,LTAAHC,64,PASS,GTCRGDSGSPLY,207,PASS
gene-LOC142977114,XP_075976950.1,366,PASS,LTAAHC,160,FAIL,,,FAIL
gene-LOC142977152,XP_075977006.1,279,PASS,LTAAHC,72,FAIL,,,FAIL
gene-LOC142977164,XP_075977020.1,269,PASS,LTAAHC,68,PASS,GTCRGDSGSPLT,218,PASS
gene-LOC142977178,XP_075977035.1,306,PASS,LTAAHC,67,FAIL,,,FAIL
gene-LOC142977192,XP_075977059.1,295,PASS,ITAAHC,100,PASS,GTCGGDSGGPLA,241,PASS
gene-LOC142977193,XP_075977060.1,292,PASS,LTAGHC,98,PASS,GACSGDSGGPLV,239,PASS
gene-LOC142977194,XP_075977061.1,291,PASS,LTAGHC,97,FAIL,,,FAIL
gene-LOC142977195,XP_075977064.1,288,FAIL,,,FAIL,,,FAIL
gene-LOC142977196,XP_075977065.1,242,PASS,LSAAHC,104,PASS,GSCKGDSGGPLV,189,PASS
gene-LOC142977211,XP_075977084.1,259,PASS,LTAAHC,67,PASS,DTCRGDSGSPLY,210,PASS
gene-LOC142977212,XP_075977085.1,274,PASS,VTAAHC,90,PASS,GTCGGDSGGPLA,224,PASS
gene-LOC142977213,XP_075977086.1,274,PASS,VTAAHC,90,PASS,GTCGGDSGGPLA,224,PASS
gene-LOC142977217,XP_075977093.1,274,PASS,VTAAHC,90,PASS,GTCGGDSGGPLA,224,PASS
gene-LOC142977237,XP_075977128.1,286,PASS,VTAAHC,90,PASS,GICGGDSGGPLV,232,PASS
gene-LOC142977241,XP_075977132.1,284,PASS,VTAAHC,90,PASS,STCGGDSGGPLA,231,PASS
gene-LOC142977254,XP_075977144.1,279,PASS,LTAAHC,78,PASS,GTCNGDSGSALV,228,PASS
gene-LOC142977262,XP_075977160.1,295,PASS,VTAAHC,87,PASS,GTCTGDSGSPLM,237,PASS
gene-LOC142977338,XP_075977315.1,274,PASS,VTAAHC,90,PASS,GTCGGDSGGPLA,224,PASS
gene-LOC142977339,XP_075977316.1,274,PASS,VTAAHC,90,PASS,GTCGGDSGGPLA,224,PASS
gene-LOC142977340,XP_075977317.1,274,PASS,VTAAHC,90,PASS,GTCGGDSGGPLA,224,PASS
gene-LOC142977341,XP_075977318.1,274,PASS,VTAAHC,90,PASS,GTCGGDSGGPLA,224,PASS
gene-LOC142977342,XP_075977319.1,273,PASS,VTAAHC,90,PASS,GTCGGDSGGPLA,223,PASS
gene-LOC142977343,XP_075977320.1,273,PASS,VTAAHC,90,PASS,GTCGGDSGGPLA,223,PASS
gene-LOC142977344,XP_075977322.1,273,PASS,VTAAHC,90,PASS,GTCGGDSGGPLA,223,PASS
gene-LOC142977345,XP_075977323.1,282,PASS,VTAAHC,90,PASS,GTCGGDSGGPLA,230,PASS
gene-LOC142977352,XP_075977345.1,83,PASS,LTASHC,65,FAIL,,,FAIL
gene-LOC142977353,XP_075977346.1,525,PASS,LTAAHC,65,PASS,GTCRGDSGSPLF,207,PASS
gene-LOC142977357,XP_075977349.1,558,PASS,VTAAHC,90,PASS,GTCGGDSGGPLA,233,PASS
gene-LOC142977366,XP_075977360.1,573,PASS,LTAAHC,78,PASS,GACNGDSGSALL,228,PASS
gene-LOC142977367,XP_075977361.1,295,PASS,LTAAHC,83,PASS,GMCMGDSGSALI,240,PASS
gene-LOC142977368,XP_075977362.1,229,PASS,LTAAHC,26,PASS,GMCNGDSGSALV,175,PASS
gene-LOC142977384,XP_075977377.1,594,PASS,VTAAHC,99,PASS,GTCGGDSGGPLA,241,PASS
gene-LOC142977385,XP_075977378.1,602,PASS,VTAAHC,100,PASS,GTCSGDSGGPLA,241,PASS
gene-LOC142977386,XP_075977379.1,658,PASS,LTAAHC,68,PASS,STCRGDSGGPLV,401,PASS
gene-LOC142977387,XP_075977380.1,586,PASS,LTAAHC,93,PASS,STCRGDSGGPLV,235,PASS
gene-LOC142977389,XP_075977382.1,594,PASS,VTAAHC,95,PASS,GICGGDSGGPLA,237,PASS
gene-LOC142977508,XP_075977538.1,151,FAIL,,,PASS,DACQGDSGSPLI,98,FAIL
gene-LOC142977836,XP_075978049.1,378,FAIL,,,FAIL,,,FAIL
gene-LOC142977899,XP_075978178.1,257,PASS,VTAAHC,66,PASS,AQCVGDSGGPLL,205,PASS
gene-LOC142977952,XP_075978217.1,367,PASS,LTAAHC,162,PASS,DTCQGDSGGPLV,309,PASS
gene-LOC142978042,XP_075978434.1,254,FAIL,,,FAIL,,,FAIL
gene-LOC142978152,XP_075978588.1,269,PASS,LTAAHC,79,FAIL,,,FAIL
gene-LOC142978153,XP_075978590.1,268,PASS,LTAAHC,79,FAIL,,,FAIL
gene-LOC142978154,XP_075978591.1,268,PASS,LTAAHC,79,FAIL,,,FAIL
gene-LOC142978155,XP_075978592.1,812,PASS,MTAAHC,602,FAIL,,,FAIL
gene-LOC142978592,XP_075979210.1,666,PASS,LTAAHC,79,FAIL,,,FAIL
gene-LOC142978788,XP_075979473.1,283,PASS,LTAAHC,89,PASS,GTCDGDSGGPLA,229,PASS
gene-LOC142978937,XP_075979694.1,246,FAIL,,,FAIL,,,FAIL
gene-LOC142979068,XP_075979943.1,780,PASS,LTAAHC,167,PASS,DACQGDSGGPLS,326,PASS
gene-LOC142979258,XP_075980203.1,284,PASS,VTAAHC,90,PASS,STCGGDSGGPLA,231,PASS
gene-LOC142979510,XP_075980565.1,299,FAIL,,,FAIL,,,FAIL
gene-LOC142979531,XP_075980600.1,300,PASS,LTAGHC,73,FAIL,,,FAIL
gene-LOC142979785,XP_075981071.1,271,PASS,LTAAHC,81,FAIL,,,FAIL
gene-LOC142980076,XP_075981480.1,529,FAIL,,,FAIL,,,FAIL
gene-LOC142980475,XP_075982009.1,253,FAIL,,,FAIL,,,FAIL
gene-LOC142980476,XP_075982010.1,253,FAIL,,,FAIL,,,FAIL
gene-LOC142980477,XP_075982011.1,253,FAIL,,,FAIL,,,FAIL
gene-LOC142980478,XP_075982012.1,252,PASS,LSAAHC,67,PASS,DSCQGDSGGPLY,203,PASS
gene-LOC142980479,XP_075982013.1,251,FAIL,,,FAIL,,,FAIL
gene-LOC142980480,XP_075982014.1,249,PASS,LTAGHC,65,PASS,DQCHGDSGGPVY,200,PASS
gene-LOC142980481,XP_075982015.1,248,PASS,LTAAHC,64,PASS,GQCHGDSGGPVY,199,PASS
gene-LOC142980483,XP_075982016.1,248,PASS,LSAAHC,65,PASS,DQCQGDSGGPVY,199,PASS
gene-LOC142980484,XP_075982017.1,247,PASS,LSAAHC,63,PASS,DTCSGDSGGPLY,198,PASS
gene-LOC142980485,XP_075982018.1,247,PASS,LSAAHC,63,PASS,DTCSGDSGGPLY,198,PASS
gene-LOC142980486,XP_075982020.1,246,PASS,LTAAHC,63,PASS,DTCSGDSGGPLY,197,PASS
gene-LOC142980487,XP_075982021.1,164,FAIL,,,FAIL,,,FAIL
gene-LOC142980604,XP_075982192.1,249,PASS,LTAAHC,65,PASS,SQCHGDSGGPVY,200,PASS
gene-LOC142980775,XP_075982468.1,249,PASS,LTAAHC,65,PASS,DQCHGDSGGPVY,200,PASS
gene-LOC142980776,XP_075982469.1,250,PASS,LTAAHC,65,PASS,DQCHGDSGGPVY,201,PASS
gene-LOC142980777,XP_075982471.1,180,FAIL,,,PASS,DHCFGDSGGPVY,131,FAIL
gene-LOC142980778,XP_075982472.1,247,PASS,LTAAHC,65,PASS,DQCQGDSGGPVF,198,PASS
gene-LOC142980779,XP_075982473.1,247,PASS,LTAAHC,65,PASS,DQCQGDSGGPVY,198,PASS
gene-LOC142980780,XP_075982474.1,498,PASS,MTAAHC,62,PASS,DSCQGDSGGPLY,197,PASS
gene-LOC142980781,XP_075982475.1,506,PASS,LSAAHC,63,PASS,DTCSGDSGGPLY,198,PASS
gene-LOC142980782,XP_075982476.1,253,FAIL,,,FAIL,,,FAIL
gene-LOC142980783,XP_075982477.1,484,PASS,LTAAHC,63,PASS,DQCQGDSGGPVY,199,PASS
gene-LOC142981295,XP_075983209.1,420,PASS,LTAAHC,201,PASS,DSCGGDSGGPLM,359,PASS
gene-LOC142981298,XP_075983214.1,370,PASS,VTAAHC,158,PASS,DACGGDSGGPLM,312,PASS
gene-LOC142981380,XP_075983382.1,387,PASS,LTAAHC,83,PASS,SPCVGDSGGPLT,227,PASS
gene-LOC142981382,XP_075983383.1,356,PASS,ITAAHC,83,PASS,SSCQGDSGGPLT,229,PASS
gene-LOC142981384,XP_075983385.1,349,PASS,LSAAHC,83,PASS,SACQGDSGGPLT,229,PASS
gene-LOC142981495,XP_075983614.1,458,FAIL,,,FAIL,,,FAIL
gene-LOC142981546,XP_075983660.1,367,PASS,LTAAHC,95,PASS,SSCQGDSGGPLT,241,PASS
gene-LOC142981555,XP_075983669.1,618,PASS,VTAAHC,405,FAIL,,,FAIL
gene-LOC142981617,XP_075983750.1,551,PASS,ITAAHC,338,FAIL,,,FAIL
gene-LOC142981640,XP_075983793.1,310,FAIL,,,FAIL,,,FAIL
gene-LOC142981666,XP_075983831.1,477,PASS,ITAAHC,248,FAIL,,,FAIL
gene-LOC142981693,XP_075983880.1,251,PASS,LTAAHC,64,PASS,DSCLGDSGGPLT,200,PASS
gene-LOC142981710,XP_075983907.1,566,PASS,ITAAHC,343,FAIL,,,FAIL
gene-LOC142981735,XP_075983946.1,387,PASS,LTAAHC,75,PASS,STCQGDSGGPLT,219,PASS
gene-LOC142981761,XP_075983978.1,269,PASS,LSAAHC,67,PASS,DGCFGDSGGPLI,216,PASS
gene-LOC142981779,XP_075984000.1,878,PASS,ITAAHC,665,FAIL,,,FAIL
gene-LOC142981781,XP_075984001.1,266,FAIL,,,FAIL,,,FAIL
gene-LOC142981799,XP_075984024.1,368,FAIL,,,PASS,STCQGDSGGPLV,225,FAIL
gene-LOC142981811,XP_075984043.1,434,PASS,LTAAHC,227,FAIL,,,FAIL
gene-LOC142981885,XP_075984139.1,212,FAIL,,,FAIL,,,FAIL
gene-LOC142981889,XP_075984144.1,823,PASS,LTAAHC,80,PASS,NACTGDSGGPLT,226,PASS
gene-LOC142981896,XP_075984150.1,267,PASS,LTAAHC,74,FAIL,,,FAIL
gene-LOC142982051,XP_075984492.1,257,PASS,LTAGHC,67,PASS,DQCQGDSGGPLY,208,PASS
gene-LOC142982056,XP_075984451.1,262,PASS,LSAAHC,66,PASS,DACQGDSGGPLY,212,PASS
gene-LOC142982094,XP_075984541.1,264,PASS,LTAAHC,64,PASS,DACQGDSGGPLY,209,PASS
gene-LOC142982116,XP_075984575.1,265,FAIL,,,FAIL,,,FAIL
gene-LOC142982120,XP_075984581.1,256,FAIL,,,FAIL,,,FAIL
gene-LOC142982251,XP_075984786.1,261,FAIL,,,FAIL,,,FAIL
gene-LOC142982263,XP_075984801.1,612,PASS,LTAAHC,409,PASS,DACQGDSGGPLM,558,PASS
gene-LOC142982269,XP_075984808.1,264,PASS,LSAAHC,64,PASS,DACQGDSGGPLY,209,PASS
gene-LOC142982271,XP_075984810.1,264,PASS,LSAAHC,64,PASS,DACQGDSGGPLY,209,PASS
gene-LOC142982287,XP_075984826.1,260,PASS,LSAAHC,66,PASS,DACQGDSGGPLY,210,PASS
gene-LOC142982298,XP_075984837.1,257,FAIL,,,FAIL,,,FAIL
gene-LOC142982350,XP_075984928.1,287,PASS,LTAAHC,81,PASS,DVAGGDSGGPLA,228,PASS
gene-LOC142982352,XP_075984929.1,312,PASS,LTAAHC,97,PASS,DVARGDSGGPLV,245,PASS
gene-LOC142982384,XP_075984969.1,250,PASS,ISAAHC,66,FAIL,,,FAIL
gene-LOC142982531,XP_075985172.1,356,PASS,LTAAHC,143,FAIL,,,FAIL
gene-LOC142982637,XP_075985360.1,516,PASS,ITAAHC,259,FAIL,,,FAIL
gene-LOC142982650,XP_075985382.1,279,FAIL,,,FAIL,,,FAIL
gene-LOC142982658,XP_075985394.1,775,FAIL,,,FAIL,,,FAIL
gene-LOC142982667,XP_075985405.1,540,FAIL,,,FAIL,,,FAIL
gene-LOC142982716,XP_075985483.1,346,PASS,VTAAHC,105,FAIL,,,FAIL
gene-LOC142982733,XP_075985521.1,648,FAIL,,,FAIL,,,FAIL
gene-LOC142982825,XP_075985624.1,503,PASS,LTAGHC,161,FAIL,,,FAIL
gene-LOC142982826,XP_075985625.1,399,FAIL,,,FAIL,,,FAIL
gene-LOC142982828,XP_075985627.1,977,FAIL,,,FAIL,,,FAIL
gene-LOC142982832,XP_075985633.1,398,PASS,VTAAHC,195,FAIL,,,FAIL
gene-LOC142982840,XP_075985647.1,404,PASS,LSAAHC,203,FAIL,,,FAIL
gene-LOC142982857,XP_075985670.1,795,FAIL,,,FAIL,,,FAIL
gene-LOC142982858,XP_075985672.1,682,FAIL,,,FAIL,,,FAIL
gene-LOC142982860,XP_075985674.1,535,FAIL,,,FAIL,,,FAIL
gene-LOC142982885,XP_075985721.1,380,FAIL,,,FAIL,,,FAIL
gene-LOC142982896,XP_075985736.1,557,FAIL,,,FAIL,,,FAIL
gene-LOC142982909,XP_075985749.1,317,FAIL,,,FAIL,,,FAIL
gene-LOC142982971,XP_075985841.1,536,PASS,ITAAHC,80,PASS,DTCRGDSGGPLT,226,PASS
gene-LOC142982975,XP_075985846.1,272,PASS,VTAAHC,72,PASS,DACQGDSGGPLV,211,PASS
gene-LOC142983011,XP_075985887.1,754,FAIL,,,FAIL,,,FAIL
gene-LOC142983020,XP_075985901.1,440,PASS,LTAGHC,218,PASS,DTCKGDSGGPLM,384,PASS
gene-LOC142983021,XP_075985902.1,439,PASS,LTAGHC,219,PASS,DSCKGDSGGPLM,383,PASS
gene-LOC142983022,XP_075985903.1,303,PASS,MTAAHC,89,FAIL,,,FAIL
gene-LOC142983058,XP_075985990.1,389,PASS,LTAGHC,187,PASS,DTCEGDSGGPLQ,332,PASS
gene-LOC142983126,XP_075986084.1,446,PASS,LTAAHC,227,FAIL,,,FAIL
gene-LOC142983152,XP_075986136.1,270,PASS,ITAAHC,66,PASS,DTCRGDSGGPLV,210,PASS
gene-LOC142983160,XP_075986144.1,325,PASS,VTAAHC,106,PASS,DSCKGDSGGPLM,269,PASS
gene-LOC142983168,XP_075986159.1,351,PASS,LTAAHC,141,PASS,GACHGDSGGPLV,277,PASS
gene-LOC142983172,XP_075986167.1,548,FAIL,,,FAIL,,,FAIL
gene-LOC142983211,XP_075986218.1,439,PASS,LTAAHC,222,PASS,DTCKGDSGGPLM,383,PASS
gene-LOC142983445,XP_075986433.1,428,FAIL,,,FAIL,,,FAIL
gene-LOC142983510,XP_075986550.1,481,FAIL,,,FAIL,,,FAIL
gene-LOC142983539,XP_075986581.1,489,FAIL,,,FAIL,,,FAIL
gene-LOC142983548,XP_075986594.1,448,FAIL,,,FAIL,,,FAIL
gene-LOC142983572,XP_075986632.1,252,PASS,LTAAHC,67,PASS,GQCSGDSGGPLY,203,PASS
gene-LOC142983577,XP_075986644.1,256,PASS,LSAAHC,65,PASS,STCQGDSGGPLY,206,PASS
gene-LOC142983594,XP_075986671.1,252,PASS,LTAAHC,67,PASS,GQCSGDSGGPLY,203,PASS
gene-LOC142983603,XP_075986685.1,266,PASS,LTAAHC,81,PASS,GQCSGDSGGPLY,217,PASS
gene-LOC142983614,XP_075986701.1,476,FAIL,,,FAIL,,,FAIL
gene-LOC142983690,XP_075986797.1,557,FAIL,,,FAIL,,,FAIL
gene-LOC142983701,XP_075986818.1,633,FAIL,,,FAIL,,,FAIL
gene-LOC142983703,XP_075986820.1,445,FAIL,,,FAIL,,,FAIL
gene-LOC142983731,XP_075986863.1,368,FAIL,,,FAIL,,,FAIL
gene-LOC142983873,XP_075987156.1,313,PASS,LSAAHC,79,PASS,DACQGDSGGPLI,232,PASS
gene-LOC142983889,XP_075987181.1,415,PASS,LTAAHC,210,PASS,DTCQGDSGGPLQ,358,PASS
gene-LOC142983898,XP_075987195.1,305,PASS,MTAAHC,114,FAIL,,,FAIL
gene-LOC142983918,XP_075987235.1,242,FAIL,,,FAIL,,,FAIL
gene-LOC142983941,XP_075987271.1,415,PASS,LTAAHC,207,PASS,DTCEGDSGGPLQ,352,PASS
gene-LOC142983947,XP_075987280.1,313,PASS,LSAAHC,78,PASS,DTCQGDSGGPLV,228,PASS
gene-LOC142983985,XP_075987363.1,333,PASS,LTAGHC,141,FAIL,,,FAIL
gene-LOC142983986,XP_075987364.1,414,PASS,LTAAHC,209,PASS,DTCQGDSGGPLQ,357,PASS
gene-LOC142983987,XP_075987365.1,301,PASS,LTAAHC,85,PASS,DTCQGDSGGPLQ,237,PASS
gene-LOC142983990,XP_075987369.1,416,PASS,LTAAHC,209,PASS,DTCEGDSGGPLQ,354,PASS
gene-LOC142983993,XP_075987371.1,405,PASS,LTAAHC,197,PASS,DTCEGDSGGPLH,347,PASS
gene-LOC142984023,XP_075987437.1,269,FAIL,,,FAIL,,,FAIL
gene-LOC142984075,XP_075987500.1,321,FAIL,,,FAIL,,,FAIL
gene-LOC142984231,XP_075987796.1,257,PASS,LTAAHC,68,FAIL,,,FAIL
gene-LOC142984473,XP_075988218.1,284,FAIL,,,FAIL,,,FAIL
gene-LOC142984491,XP_075988249.1,539,PASS,ITAAHC,337,PASS,DSCQGDSGGPLT,484,PASS
gene-LOC142984536,XP_075988352.1,686,PASS,VTAGHC,481,PASS,DSCQGDSGGPLM,630,PASS
gene-LOC142984628,XP_075988489.1,422,FAIL,,,PASS,DACLGDSGGPLI,360,FAIL
gene-LOC142984834,XP_075988797.1,333,PASS,LSAAHC,121,PASS,DACRGDSGGPLA,271,PASS
gene-LOC142984921,XP_075988919.1,1691,FAIL,,,FAIL,,,FAIL
gene-LOC142985005,XP_075989031.1,676,PASS,ISAAHC,459,FAIL,,,FAIL
gene-LOC142985010,XP_075989038.1,387,FAIL,,,FAIL,,,FAIL
gene-LOC142985106,XP_075989181.1,376,FAIL,,,FAIL,,,FAIL
gene-LOC142985128,XP_075989222.1,386,PASS,LTAGHC,183,PASS,DTCQGDSGGPLQ,328,PASS
gene-LOC142985132,XP_075989232.1,388,FAIL,,,FAIL,,,FAIL
gene-LOC142985184,XP_075989313.1,407,FAIL,,,FAIL,,,FAIL
gene-LOC142985215,XP_075989366.1,392,PASS,LTAAHC,185,PASS,DTCNGDSGGPIQ,333,PASS
gene-LOC142985248,XP_075989409.1,403,FAIL,,,FAIL,,,FAIL
gene-LOC142985256,XP_075989426.1,405,PASS,LTAAHC,199,PASS,DTCAGDSGGPLQ,347,PASS
gene-LOC142985329,XP_075989552.1,412,PASS,LTAGHC,208,PASS,DTCQGDSGGPIQ,354,PASS
gene-LOC142985389,XP_075989632.1,286,FAIL,,,FAIL,,,FAIL
gene-LOC142985423,XP_075989698.1,404,PASS,LTAGHC,188,PASS,DTCQGDSGSPLQ,344,PASS
gene-LOC142985490,XP_075989811.1,284,FAIL,,,FAIL,,,FAIL
gene-LOC142985491,XP_075989814.1,284,PASS,LTAGHC,87,FAIL,,,FAIL
gene-LOC142985546,XP_075989895.1,622,PASS,LTAGHC,359,FAIL,,,FAIL
gene-LOC142985619,XP_075990017.1,285,FAIL,,,FAIL,,,FAIL
gene-LOC142985620,XP_075990018.1,287,FAIL,,,FAIL,,,FAIL
gene-LOC142985968,XP_075990319.1,423,FAIL,,,FAIL,,,FAIL
gene-LOC142986320,XP_075990883.1,331,FAIL,,,FAIL,,,FAIL
gene-LOC142986356,XP_075990933.1,343,FAIL,,,FAIL,,,FAIL
gene-LOC142986390,XP_075990990.1,253,PASS,LTAAHC,67,PASS,GACHGDSGGPLV,203,PASS
gene-LOC142986406,XP_075991008.1,455,FAIL,,,FAIL,,,FAIL
gene-LOC142986441,XP_075991070.1,331,PASS,LTAAHC,89,PASS,GVCSGDSGGPVM,235,PASS
gene-LOC142986498,XP_075991130.1,269,PASS,LTAAHC,61,FAIL,,,FAIL
gene-LOC142986583,XP_075991211.1,262,PASS,LTASHC,70,FAIL,,,FAIL
gene-LOC142986960,XP_075991637.1,332,PASS,MTAAHC,73,FAIL,,,FAIL
gene-LOC142986973,XP_075991653.1,259,FAIL,,,FAIL,,,FAIL
gene-LOC142987072,XP_075991732.1,205,PASS,LTAGHC,68,FAIL,,,FAIL
gene-LOC142987073,XP_075991733.1,256,PASS,ITAAHC,72,FAIL,,,FAIL
gene-LOC142987074,XP_075991735.1,257,PASS,LTAAHC,69,FAIL,,,FAIL
gene-LOC142987075,XP_075991736.1,266,PASS,LTAAHC,72,FAIL,,,FAIL
gene-LOC142987076,XP_075991738.1,257,PASS,LTAAHC,68,FAIL,,,FAIL
gene-LOC142987094,XP_075991759.1,715,PASS,LTAAHC,71,FAIL,,,FAIL
gene-Np,XP_075988422.1,975,PASS,ITAAHC,772,PASS,DSCEGDSGGPMV,918,PASS
gene-P37k,XP_075976297.1,346,PASS,LTAAHC,112,PASS,DACQGDSGGPLH,284,PASS
gene-Sb,XP_075975437.1,570,FAIL,,,PASS,DSCQGDSGGPLQ,514,FAIL
gene-flz,XP_075988394.1,1064,FAIL,,,PASS,DSCEGDSGGPLV,1007,FAIL
gene-mas,XP_075985033.1,683,PASS,LTAAHC,476,FAIL,,,FAIL
gene-ndl,XP_075971716.1,2009,PASS,ISAAHC,624,PASS,DACQGDSGGPLL,767,PASS
