gene_id,Benzamidine_status,SKTI_status,GORE3_status
gene-BAEE,so_identidade(splicing),sem_mudanca_significativa,sem_mudanca_significativa
gene-CLIP3,sem_mudanca_significativa,so_nivel(DE),sem_mudanca_significativa
gene-CLIP4,sem_mudanca_significativa,sem_mudanca_significativa,sem_mudanca_significativa
gene-Corin,sem_mudanca_significativa,sem_mudanca_significativa,sem_mudanca_significativa
gene-LOC142972507,sem_mudanca_significativa,sem_mudanca_significativa,sem_mudanca_significativa
gene-LOC142973000,sem_mudanca_significativa,sem_mudanca_significativa,sem_mudanca_significativa
gene-LOC142973802,sem_mudanca_significativa,sem_mudanca_significativa,so_nivel(DE)
gene-LOC142973877,sem_mudanca_significativa,so_nivel(DE),so_nivel(DE)
gene-LOC142974109,sem_mudanca_significativa,sem_mudanca_significativa,sem_mudanca_significativa
gene-LOC142974114,sem_mudanca_significativa,sem_mudanca_significativa,sem_mudanca_significativa
gene-LOC142974259,sem_mudanca_significativa,sem_mudanca_significativa,sem_mudanca_significativa
gene-LOC142974260,sem_mudanca_significativa,sem_mudanca_significativa,sem_mudanca_significativa
gene-LOC142975017,sem_mudanca_significativa,sem_mudanca_significativa,sem_mudanca_significativa
gene-LOC142975112,sem_mudanca_significativa,sem_mudanca_significativa,so_nivel(DE)
gene-LOC142975131,so_nivel(DE),so_nivel(DE),so_nivel(DE)
gene-LOC142975207,so_identidade(splicing),sem_mudanca_significativa,sem_mudanca_significativa
gene-LOC142975259,sem_mudanca_significativa,sem_mudanca_significativa,sem_mudanca_significativa
gene-LOC142975272,so_nivel(DE),sem_mudanca_significativa,so_nivel(DE)
gene-LOC142975290,sem_mudanca_significativa,sem_mudanca_significativa,so_nivel(DE)
gene-LOC142975421,sem_mudanca_significativa,sem_mudanca_significativa,nivel+identidade
gene-LOC142975428,sem_mudanca_significativa,so_nivel(DE),so_nivel(DE)
gene-LOC142975433,sem_mudanca_significativa,sem_mudanca_significativa,sem_mudanca_significativa
gene-LOC142975488,sem_mudanca_significativa,sem_mudanca_significativa,sem_mudanca_significativa
gene-LOC142975571,sem_mudanca_significativa,sem_mudanca_significativa,sem_mudanca_significativa
gene-LOC142975585,so_nivel(DE),so_nivel(DE),so_nivel(DE)
gene-LOC142975714,sem_mudanca_significativa,sem_mudanca_significativa,so_nivel(DE)
gene-LOC142976211,sem_mudanca_significativa,sem_mudanca_significativa,sem_mudanca_significativa
gene-LOC142976225,sem_mudanca_significativa,sem_mudanca_significativa,sem_mudanca_significativa
gene-LOC142976242,sem_mudanca_significativa,sem_mudanca_significativa,sem_mudanca_significativa
gene-LOC142976249,sem_mudanca_significativa,sem_mudanca_significativa,so_nivel(DE)
gene-LOC142976267,sem_mudanca_significativa,so_nivel(DE),so_nivel(DE)
gene-LOC142976275,sem_mudanca_significativa,so_nivel(DE),so_nivel(DE)
gene-LOC142976292,sem_mudanca_significativa,so_nivel(DE),so_nivel(DE)
gene-LOC142976297,sem_mudanca_significativa,sem_mudanca_significativa,sem_mudanca_significativa
gene-LOC142976298,sem_mudanca_significativa,sem_mudanca_significativa,sem_mudanca_significativa
gene-LOC142976303,sem_mudanca_significativa,sem_mudanca_significativa,sem_mudanca_significativa
gene-LOC142976311,sem_mudanca_significativa,so_nivel(DE),so_nivel(DE)
gene-LOC142976326,sem_mudanca_significativa,sem_mudanca_significativa,sem_mudanca_significativa
gene-LOC142976342,sem_mudanca_significativa,so_nivel(DE),so_nivel(DE)
gene-LOC142976357,sem_mudanca_significativa,sem_mudanca_significativa,so_nivel(DE)
gene-LOC142976372,sem_mudanca_significativa,sem_mudanca_significativa,sem_mudanca_significativa
gene-LOC142976375,sem_mudanca_significativa,sem_mudanca_significativa,so_nivel(DE)
gene-LOC142976384,sem_mudanca_significativa,sem_mudanca_significativa,sem_mudanca_significativa
gene-LOC142976388,sem_mudanca_significativa,sem_mudanca_significativa,sem_mudanca_significativa
gene-LOC142976395,sem_mudanca_significativa,sem_mudanca_significativa,sem_mudanca_significativa
gene-LOC142976399,sem_mudanca_significativa,sem_mudanca_significativa,sem_mudanca_significativa
gene-LOC142976413,sem_mudanca_significativa,sem_mudanca_significativa,so_nivel(DE)
gene-LOC142976493,so_nivel(DE),so_nivel(DE),so_nivel(DE)
gene-LOC142976563,sem_mudanca_significativa,sem_mudanca_significativa,sem_mudanca_significativa
gene-LOC142976586,sem_mudanca_significativa,sem_mudanca_significativa,sem_mudanca_significativa
gene-LOC142976816,sem_mudanca_significativa,sem_mudanca_significativa,sem_mudanca_significativa
gene-LOC142976817,sem_mudanca_significativa,sem_mudanca_significativa,sem_mudanca_significativa
gene-LOC142976887,so_nivel(DE),sem_mudanca_significativa,sem_mudanca_significativa
gene-LOC142976888,sem_mudanca_significativa,so_nivel(DE),sem_mudanca_significativa
gene-LOC142976889,sem_mudanca_significativa,sem_mudanca_significativa,sem_mudanca_significativa
gene-LOC142976890,sem_mudanca_significativa,so_nivel(DE),sem_mudanca_significativa
gene-LOC142976891,sem_mudanca_significativa,sem_mudanca_significativa,sem_mudanca_significativa
gene-LOC142976892,sem_mudanca_significativa,sem_mudanca_significativa,sem_mudanca_significativa
gene-LOC142976981,sem_mudanca_significativa,so_nivel(DE),sem_mudanca_significativa
gene-LOC142976993,sem_mudanca_significativa,so_nivel(DE),so_nivel(DE)
gene-LOC142977012,sem_mudanca_significativa,sem_mudanca_significativa,so_nivel(DE)
gene-LOC142977033,sem_mudanca_significativa,sem_mudanca_significativa,sem_mudanca_significativa
gene-LOC142977034,sem_mudanca_significativa,sem_mudanca_significativa,sem_mudanca_significativa
gene-LOC142977036,sem_mudanca_significativa,sem_mudanca_significativa,sem_mudanca_significativa
gene-LOC142977164,sem_mudanca_significativa,sem_mudanca_significativa,sem_mudanca_significativa
gene-LOC142977192,sem_mudanca_significativa,sem_mudanca_significativa,sem_mudanca_significativa
gene-LOC142977193,sem_mudanca_significativa,sem_mudanca_significativa,sem_mudanca_significativa
gene-LOC142977196,sem_mudanca_significativa,sem_mudanca_significativa,sem_mudanca_significativa
gene-LOC142977211,sem_mudanca_significativa,sem_mudanca_significativa,sem_mudanca_significativa
gene-LOC142977212,sem_mudanca_significativa,sem_mudanca_significativa,sem_mudanca_significativa
gene-LOC142977213,sem_mudanca_significativa,sem_mudanca_significativa,sem_mudanca_significativa
gene-LOC142977217,sem_mudanca_significativa,so_nivel(DE),sem_mudanca_significativa
gene-LOC142977237,sem_mudanca_significativa,sem_mudanca_significativa,sem_mudanca_significativa
gene-LOC142977241,sem_mudanca_significativa,so_nivel(DE),sem_mudanca_significativa
gene-LOC142977254,sem_mudanca_significativa,sem_mudanca_significativa,sem_mudanca_significativa
gene-LOC142977262,sem_mudanca_significativa,sem_mudanca_significativa,sem_mudanca_significativa
gene-LOC142977338,sem_mudanca_significativa,so_nivel(DE),sem_mudanca_significativa
gene-LOC142977339,sem_mudanca_significativa,nivel+identidade,so_identidade(splicing)
gene-LOC142977340,sem_mudanca_significativa,sem_mudanca_significativa,sem_mudanca_significativa
gene-LOC142977341,sem_mudanca_significativa,so_nivel(DE),sem_mudanca_significativa
gene-LOC142977342,sem_mudanca_significativa,so_nivel(DE),sem_mudanca_significativa
gene-LOC142977343,so_identidade(splicing),so_nivel(DE),sem_mudanca_significativa
gene-LOC142977344,sem_mudanca_significativa,sem_mudanca_significativa,sem_mudanca_significativa
gene-LOC142977345,sem_mudanca_significativa,sem_mudanca_significativa,so_nivel(DE)
gene-LOC142977353,sem_mudanca_significativa,sem_mudanca_significativa,sem_mudanca_significativa
gene-LOC142977357,sem_mudanca_significativa,sem_mudanca_significativa,sem_mudanca_significativa
gene-LOC142977366,sem_mudanca_significativa,sem_mudanca_significativa,sem_mudanca_significativa
gene-LOC142977367,sem_mudanca_significativa,sem_mudanca_significativa,sem_mudanca_significativa
gene-LOC142977368,sem_mudanca_significativa,sem_mudanca_significativa,sem_mudanca_significativa
gene-LOC142977384,sem_mudanca_significativa,sem_mudanca_significativa,sem_mudanca_significativa
gene-LOC142977385,sem_mudanca_significativa,sem_mudanca_significativa,sem_mudanca_significativa
gene-LOC142977386,sem_mudanca_significativa,so_nivel(DE),so_nivel(DE)
gene-LOC142977387,sem_mudanca_significativa,so_nivel(DE),so_nivel(DE)
gene-LOC142977389,sem_mudanca_significativa,sem_mudanca_significativa,sem_mudanca_significativa
gene-LOC142977899,sem_mudanca_significativa,sem_mudanca_significativa,sem_mudanca_significativa
gene-LOC142977952,sem_mudanca_significativa,sem_mudanca_significativa,so_nivel(DE)
gene-LOC142978788,sem_mudanca_significativa,so_nivel(DE),sem_mudanca_significativa
gene-LOC142979068,sem_mudanca_significativa,sem_mudanca_significativa,sem_mudanca_significativa
gene-LOC142979258,sem_mudanca_significativa,sem_mudanca_significativa,sem_mudanca_significativa
gene-LOC142980478,sem_mudanca_significativa,sem_mudanca_significativa,sem_mudanca_significativa
gene-LOC142980480,sem_mudanca_significativa,sem_mudanca_significativa,so_identidade(splicing)
gene-LOC142980481,sem_mudanca_significativa,so_nivel(DE),so_nivel(DE)
gene-LOC142980483,sem_mudanca_significativa,so_nivel(DE),so_nivel(DE)
gene-LOC142980484,sem_mudanca_significativa,sem_mudanca_significativa,sem_mudanca_significativa
gene-LOC142980485,sem_mudanca_significativa,sem_mudanca_significativa,sem_mudanca_significativa
gene-LOC142980486,sem_mudanca_significativa,so_nivel(DE),so_nivel(DE)
gene-LOC142980604,sem_mudanca_significativa,so_nivel(DE),so_nivel(DE)
gene-LOC142980775,sem_mudanca_significativa,sem_mudanca_significativa,so_nivel(DE)
gene-LOC142980776,sem_mudanca_significativa,so_nivel(DE),so_nivel(DE)
gene-LOC142980778,sem_mudanca_significativa,sem_mudanca_significativa,sem_mudanca_significativa
gene-LOC142980779,sem_mudanca_significativa,sem_mudanca_significativa,sem_mudanca_significativa
gene-LOC142980780,sem_mudanca_significativa,so_nivel(DE),so_nivel(DE)
gene-LOC142980781,sem_mudanca_significativa,sem_mudanca_significativa,sem_mudanca_significativa
gene-LOC142980783,sem_mudanca_significativa,sem_mudanca_significativa,sem_mudanca_significativa
gene-LOC142981295,sem_mudanca_significativa,sem_mudanca_significativa,sem_mudanca_significativa
gene-LOC142981298,sem_mudanca_significativa,sem_mudanca_significativa,sem_mudanca_significativa
gene-LOC142981380,sem_mudanca_significativa,so_nivel(DE),so_nivel(DE)
gene-LOC142981382,sem_mudanca_significativa,so_nivel(DE),so_nivel(DE)
gene-LOC142981384,sem_mudanca_significativa,sem_mudanca_significativa,sem_mudanca_significativa
gene-LOC142981546,sem_mudanca_significativa,so_nivel(DE),so_nivel(DE)
gene-LOC142981693,sem_mudanca_significativa,so_nivel(DE),sem_mudanca_significativa
gene-LOC142981735,sem_mudanca_significativa,sem_mudanca_significativa,sem_mudanca_significativa
gene-LOC142981761,sem_mudanca_significativa,sem_mudanca_significativa,sem_mudanca_significativa
gene-LOC142981889,sem_mudanca_significativa,sem_mudanca_significativa,so_nivel(DE)
gene-LOC142982051,sem_mudanca_significativa,sem_mudanca_significativa,sem_mudanca_significativa
gene-LOC142982056,sem_mudanca_significativa,sem_mudanca_significativa,sem_mudanca_significativa
gene-LOC142982094,sem_mudanca_significativa,sem_mudanca_significativa,sem_mudanca_significativa
gene-LOC142982263,sem_mudanca_significativa,sem_mudanca_significativa,sem_mudanca_significativa
gene-LOC142982269,sem_mudanca_significativa,so_nivel(DE),sem_mudanca_significativa
gene-LOC142982271,sem_mudanca_significativa,sem_mudanca_significativa,sem_mudanca_significativa
gene-LOC142982287,sem_mudanca_significativa,sem_mudanca_significativa,so_nivel(DE)
gene-LOC142982350,sem_mudanca_significativa,sem_mudanca_significativa,sem_mudanca_significativa
gene-LOC142982352,sem_mudanca_significativa,sem_mudanca_significativa,sem_mudanca_significativa
gene-LOC142982971,sem_mudanca_significativa,sem_mudanca_significativa,sem_mudanca_significativa
gene-LOC142982975,sem_mudanca_significativa,sem_mudanca_significativa,sem_mudanca_significativa
gene-LOC142983020,sem_mudanca_significativa,sem_mudanca_significativa,sem_mudanca_significativa
gene-LOC142983021,sem_mudanca_significativa,sem_mudanca_significativa,sem_mudanca_significativa
gene-LOC142983058,sem_mudanca_significativa,sem_mudanca_significativa,sem_mudanca_significativa
gene-LOC142983152,sem_mudanca_significativa,sem_mudanca_significativa,sem_mudanca_significativa
gene-LOC142983160,sem_mudanca_significativa,sem_mudanca_significativa,sem_mudanca_significativa
gene-LOC142983168,sem_mudanca_significativa,sem_mudanca_significativa,sem_mudanca_significativa
gene-LOC142983211,sem_mudanca_significativa,sem_mudanca_significativa,so_nivel(DE)
gene-LOC142983572,sem_mudanca_significativa,sem_mudanca_significativa,so_nivel(DE)
gene-LOC142983577,sem_mudanca_significativa,so_nivel(DE),so_nivel(DE)
gene-LOC142983594,sem_mudanca_significativa,sem_mudanca_significativa,sem_mudanca_significativa
gene-LOC142983603,sem_mudanca_significativa,sem_mudanca_significativa,sem_mudanca_significativa
gene-LOC142983873,sem_mudanca_significativa,so_identidade(splicing),so_identidade(splicing)
gene-LOC142983889,sem_mudanca_significativa,sem_mudanca_significativa,sem_mudanca_significativa
gene-LOC142983941,sem_mudanca_significativa,sem_mudanca_significativa,sem_mudanca_significativa
gene-LOC142983947,sem_mudanca_significativa,sem_mudanca_significativa,sem_mudanca_significativa
gene-LOC142983986,sem_mudanca_significativa,sem_mudanca_significativa,sem_mudanca_significativa
gene-LOC142983987,sem_mudanca_significativa,so_nivel(DE),sem_mudanca_significativa
gene-LOC142983990,sem_mudanca_significativa,sem_mudanca_significativa,sem_mudanca_significativa
gene-LOC142983993,sem_mudanca_significativa,sem_mudanca_significativa,sem_mudanca_significativa
gene-LOC142984491,sem_mudanca_significativa,sem_mudanca_significativa,sem_mudanca_significativa
gene-LOC142984536,sem_mudanca_significativa,sem_mudanca_significativa,sem_mudanca_significativa
gene-LOC142984834,sem_mudanca_significativa,sem_mudanca_significativa,sem_mudanca_significativa
gene-LOC142985128,sem_mudanca_significativa,sem_mudanca_significativa,sem_mudanca_significativa
gene-LOC142985215,sem_mudanca_significativa,sem_mudanca_significativa,sem_mudanca_significativa
gene-LOC142985256,sem_mudanca_significativa,sem_mudanca_significativa,sem_mudanca_significativa
gene-LOC142985329,sem_mudanca_significativa,sem_mudanca_significativa,so_nivel(DE)
gene-LOC142985423,sem_mudanca_significativa,sem_mudanca_significativa,sem_mudanca_significativa
gene-LOC142986390,sem_mudanca_significativa,sem_mudanca_significativa,sem_mudanca_significativa
gene-LOC142986441,sem_mudanca_significativa,sem_mudanca_significativa,sem_mudanca_significativa
gene-Np,sem_mudanca_significativa,sem_mudanca_significativa,sem_mudanca_significativa
gene-ndl,sem_mudanca_significativa,sem_mudanca_significativa,sem_mudanca_significativa
