gene_id,gene_symbol,event_type,probability_changing,dpsi_mean
gene-LOC142987884,LOC142987884,t,0.9993,-0.3917
gene-Rcd5,Rcd5,t,0.9487,-0.2793
gene-LOC142976944,LOC142976944,s,1.0,0.788
gene-LOC142976944,LOC142976944,s,1.0,-0.788
gene-Jafrac1,Jafrac1,t,1.0,0.4432
gene-Jafrac1,Jafrac1,t,0.9534,-0.2826
gene-LOC142979774,LOC142979774,t,1.0,0.4294
gene-LOC142979774,LOC142979774,t,1.0,-0.4294
gene-LOC142981381,LOC142981381,s,0.9651,-0.3347
gene-mtd,mtd,t,1.0,0.4792
gene-mtd,mtd,t,1.0,-0.5594
gene-Sclp,Sclp,t,0.9993,0.4564
gene-Sclp,Sclp,t,0.9993,-0.4564
gene-Rab5,Rab5,t,1.0,-0.3772
gene-Rab5,Rab5,t,1.0,0.3772
gene-Acci,Acci,t,0.9645,-0.2791
gene-Acci,Acci,t,0.9628,0.2779
gene-Caper,Caper,s,0.9111,-0.2793
gene-Caper,Caper,t,0.9995,-0.3901
gene-mop,mop,s,1.0,0.6
gene-mop,mop,s,1.0,-0.6
gene-Acsl,Acsl,t,0.9251,0.2548
gene-Acsl,Acsl,t,1.0,-0.6698
gene-Acsl,Acsl,t,0.9511,-0.2782
gene-Acsl,Acsl,t,0.9511,0.2782
gene-ine,ine,t,1.0,-0.6166
gene-ine,ine,t,1.0,0.6166
gene-LOC142972533,LOC142972533,s,0.9985,-0.3466
gene-LOC142987859,LOC142987859,t,0.999,0.4707
gene-LOC142987859,LOC142987859,t,0.999,-0.4707
gene-LOC142972779,LOC142972779,t,0.9366,0.4095
gene-LOC142972779,LOC142972779,t,0.9366,-0.4095
gene-Hakai,Hakai,s,0.9984,-0.5793
gene-Hakai,Hakai,s,0.9984,0.5793
gene-LOC142972894,LOC142972894,s,0.9907,-0.278
gene-LOC142973004,LOC142973004,s,0.9016,0.2648
gene-LOC142973004,LOC142973004,s,0.9016,-0.2648
gene-LOC142973004,LOC142973004,t,0.9494,-0.31
gene-LOC142973004,LOC142973004,t,0.9494,0.31
gene-DLDH,DLDH,t,1.0,-0.6435
gene-DLDH,DLDH,t,1.0,0.5613
gene-DLDH,DLDH,s,0.998,-0.3152
gene-DLDH,DLDH,s,0.998,0.3152
gene-Papss,Papss,t,1.0,0.664
gene-Papss,Papss,t,1.0,-0.664
gene-Lmpt,Lmpt,t,0.9437,0.2704
gene-Lmpt,Lmpt,t,0.947,-0.2717
gene-LOC142973568,LOC142973568,s,1.0,-0.786
gene-LOC142973568,LOC142973568,s,1.0,0.786
gene-CAP,CAP,t,0.9907,0.3512
gene-CAP,CAP,t,0.9809,-0.3445
gene-LOC142973636,LOC142973636,t,0.9073,-0.283
gene-LOC142973709,LOC142973709,s,0.9968,0.3114
gene-LOC142973709,LOC142973709,s,0.9968,-0.3114
gene-LOC142974497,LOC142974497,s,0.971,-0.4127
gene-LOC142974497,LOC142974497,s,0.971,0.4127
gene-RpL38,RpL38,s,0.9812,-0.3255
gene-RpL38,RpL38,s,0.9812,0.3255
gene-LOC142975028,LOC142975028,t,0.9896,0.2912
gene-stv,stv,t,0.9983,-0.4597
gene-stv,stv,t,0.9997,0.4557
gene-kl-2,kl-2,t,1.0,-0.6204
gene-kl-2,kl-2,t,1.0,0.6204
gene-kl-2,kl-2,t,1.0,-0.3976
gene-kl-2,kl-2,t,1.0,0.3976
gene-LOC142975353,LOC142975353,s,1.0,-0.5363
gene-LOC142975353,LOC142975353,s,1.0,0.5363
gene-fusl,fusl,t,1.0,0.3527
gene-fusl,fusl,t,1.0,-0.3527
gene-LOC142975324,LOC142975324,t,0.9275,0.2585
gene-LOC142975324,LOC142975324,t,0.9275,-0.2585
gene-Psf,Psf,s,0.9559,0.3577
gene-Psf,Psf,s,0.9559,-0.3577
gene-LOC142975273,LOC142975273,t,1.0,0.457
gene-LOC142976263,LOC142976263,s,1.0,0.9032
gene-LOC142976263,LOC142976263,s,1.0,-0.9668
gene-Iap,Iap,s,1.0,-0.5854
gene-Iap,Iap,s,1.0,0.639
gene-LOC142975866,LOC142975866,s,0.9638,0.4025
gene-LOC142975866,LOC142975866,s,0.9638,-0.4025
gene-Son,Son,t,1.0,0.4947
gene-Son,Son,t,1.0,-0.535
gene-LOC142976529,LOC142976529,t,1.0,-0.3238
gene-LOC142976529,LOC142976529,t,1.0,0.3227
gene-LOC142976529,LOC142976529,s,0.9553,0.2689
gene-LOC142976529,LOC142976529,s,0.9553,-0.2689
gene-scrib,scrib,t,0.9773,0.3306
gene-scrib,scrib,t,0.983,-0.3412
gene-CREG,CREG,t,1.0,-0.8348
gene-CREG,CREG,t,1.0,0.7617
gene-LOC142976781,LOC142976781,s,1.0,-0.9736
gene-LOC142976781,LOC142976781,s,1.0,0.9736
gene-LOC142976446,LOC142976446,t,0.9821,0.3845
gene-LOC142976446,LOC142976446,t,0.9821,-0.3845
gene-sqd,sqd,s,0.9954,0.2789
gene-sqd,sqd,s,1.0,-0.347
gene-mlt,mlt,s,0.9779,-0.4466
gene-mlt,mlt,s,0.9779,0.4466
gene-CanB,CanB,s,1.0,-0.6024
gene-CanB,CanB,s,1.0,0.6024
gene-LOC142977978,LOC142977978,s,0.9969,0.492
gene-LOC142977978,LOC142977978,s,0.9968,-0.4911
gene-LOC142977978,LOC142977978,t,0.9994,-0.5036
gene-LOC142977978,LOC142977978,t,1.0,0.5613
gene-Ip6k,Ip6k,s,1.0,0.6169
gene-Ip6k,Ip6k,s,1.0,-0.6147
gene-Ip6k,Ip6k,t,1.0,0.6016
gene-Ip6k,Ip6k,t,1.0,-0.8459
gene-S6KL,S6KL,s,0.9927,0.3606
gene-S6KL,S6KL,s,0.9977,-0.381
gene-LOC142977797,LOC142977797,s,0.9989,0.4681
gene-LOC142977797,LOC142977797,s,0.9989,-0.4681
gene-LOC142978177,LOC142978177,s,0.9165,-0.3246
gene-nebu,nebu,t,0.9894,-0.393
gene-nebu,nebu,t,0.9276,-0.3004
gene-nebu,nebu,t,1.0,0.6375
gene-Tgs1,Tgs1,s,0.9669,-0.2799
gene-olf186-M,olf186-M,s,0.9392,0.4038
gene-olf186-M,olf186-M,s,0.9392,-0.4038
gene-vnc,vnc,t,1.0,-0.3451
gene-vnc,vnc,t,0.9979,0.3073
gene-LOC142979045,LOC142979045,t,0.9956,0.4442
gene-LOC142979045,LOC142979045,t,1.0,-0.5379
gene-Tm1,Tm1,s,1.0,0.366
gene-Tm1,Tm1,s,1.0,-0.366
gene-Tm1,Tm1,t,1.0,-0.3659
gene-Tm1,Tm1,t,1.0,0.3538
gene-Tm1,Tm1,s,1.0,-0.3504
gene-Tm1,Tm1,s,1.0,0.336
gene-Tm1,Tm1,t,1.0,-0.3302
gene-Tm1,Tm1,t,1.0,0.3302
gene-Tm1,Tm1,s,1.0,0.3066
gene-Tm1,Tm1,s,1.0,-0.3066
gene-Tm1,Tm1,t,1.0,-0.3231
gene-LOC142979080,LOC142979080,t,0.9936,-0.3586
gene-LOC142979080,LOC142979080,t,0.9936,0.3586
gene-LOC142979080,LOC142979080,s,0.9996,0.4275
gene-LOC142979080,LOC142979080,s,0.9996,-0.4275
gene-LOC142979552,LOC142979552,t,0.9488,-0.3015
gene-LOC142979648,LOC142979648,s,1.0,-0.3879
gene-LOC142979648,LOC142979648,s,1.0,0.3738
gene-Bsg,Bsg,s,0.9342,-0.3625
gene-Bsg,Bsg,s,0.9342,0.3625
gene-LOC142979692,LOC142979692,t,0.9998,0.4194
gene-LOC142979692,LOC142979692,t,0.9967,-0.3957
gene-Dg,Dg,s,1.0,-0.8359
gene-Dg,Dg,s,1.0,0.8359
gene-mesh,mesh,t,1.0,0.6774
gene-mesh,mesh,t,1.0,-0.7729
gene-LOC142980480,LOC142980480,t,1.0,-0.3909
gene-LOC142980480,LOC142980480,t,1.0,0.3909
gene-LOC142980471,LOC142980471,t,1.0,0.7167
gene-LOC142980471,LOC142980471,t,1.0,-0.7153
gene-LOC142980956,LOC142980956,s,0.9592,0.3822
gene-LOC142980956,LOC142980956,s,0.9592,-0.3822
gene-KrT95D,KrT95D,t,1.0,0.6496
gene-KrT95D,KrT95D,t,1.0,-0.6505
gene-car,car,t,0.9805,0.2856
gene-car,car,t,0.9805,-0.2856
gene-Flo2,Flo2,t,0.9361,0.319
gene-Flo2,Flo2,t,0.9322,-0.3168
gene-LOC142981926,LOC142981926,t,1.0,0.5911
gene-LOC142981926,LOC142981926,t,1.0,-0.4627
gene-LOC142981926,LOC142981926,t,0.9243,0.2418
gene-LOC142981926,LOC142981926,t,1.0,-0.4258
gene-LOC142981648,LOC142981648,s,1.0,0.4913
gene-LOC142981648,LOC142981648,s,1.0,-0.4913
gene-LOC142981648,LOC142981648,t,1.0,-0.7033
gene-LOC142981648,LOC142981648,t,1.0,0.7033
gene-LOC142982425,LOC142982425,s,0.9415,0.2814
gene-UGP,UGP,t,1.0,0.6887
gene-UGP,UGP,t,0.9994,-0.508
gene-LOC142982932,LOC142982932,s,1.0,-0.5752
gene-LOC142982932,LOC142982932,s,1.0,0.5752
gene-MrgBP,MrgBP,s,1.0,-0.5834
gene-MrgBP,MrgBP,s,1.0,0.5834
gene-MrgBP,MrgBP,t,0.9997,0.5558
gene-MrgBP,MrgBP,t,0.9997,-0.5558
gene-shot,shot,t,0.9723,0.4259
gene-shot,shot,t,0.9723,-0.4259
gene-LOC142983221,LOC142983221,s,1.0,-0.6039
gene-LOC142983221,LOC142983221,s,1.0,0.6039
gene-LOC142983470,LOC142983470,t,1.0,0.4913
gene-LOC142983470,LOC142983470,t,1.0,-0.5975
gene-LOC142983900,LOC142983900,t,0.9993,0.4561
gene-LOC142983825,LOC142983825,t,1.0,0.8365
gene-LOC142983825,LOC142983825,t,1.0,-0.8306
gene-maf-S,maf-S,t,1.0,0.4909
gene-maf-S,maf-S,t,1.0,-0.4909
gene-Start1,Start1,t,1.0,0.6535
gene-Start1,Start1,t,1.0,-0.6535
gene-CycG,CycG,t,0.969,0.3342
gene-CycG,CycG,t,0.969,-0.3342
gene-BNIP3,BNIP3,t,0.9998,-0.4674
gene-BNIP3,BNIP3,t,0.9998,0.4674
gene-trio,trio,t,0.9999,0.4248
gene-LOC142986242,LOC142986242,t,1.0,0.3935
gene-LOC142986242,LOC142986242,s,0.9646,0.2589
gene-LOC142986242,LOC142986242,s,0.9754,-0.2638
gene-LOC142986232,LOC142986232,s,0.9999,0.461
gene-LOC142986232,LOC142986232,s,0.9999,-0.461
