sample,label,cycle,stage,mean_phred
ID-1,Control_R1,1,before,39.2279
ID-1,Control_R1,2,before,39.4052
ID-1,Control_R1,3,before,39.6182
ID-1,Control_R1,4,before,39.6365
ID-1,Control_R1,5,before,39.6567
ID-1,Control_R1,6,before,39.7007
ID-1,Control_R1,7,before,39.7036
ID-1,Control_R1,8,before,39.7335
ID-1,Control_R1,9,before,39.7462
ID-1,Control_R1,10,before,39.7235
ID-1,Control_R1,11,before,39.78
ID-1,Control_R1,12,before,39.7282
ID-1,Control_R1,13,before,39.7559
ID-1,Control_R1,14,before,39.7496
ID-1,Control_R1,15,before,39.7752
ID-1,Control_R1,16,before,39.8209
ID-1,Control_R1,17,before,39.8356
ID-1,Control_R1,18,before,39.8174
ID-1,Control_R1,19,before,39.8137
ID-1,Control_R1,20,before,39.8153
ID-1,Control_R1,21,before,39.8425
ID-1,Control_R1,22,before,39.8275
ID-1,Control_R1,23,before,39.8257
ID-1,Control_R1,24,before,39.8273
ID-1,Control_R1,25,before,39.8252
ID-1,Control_R1,26,before,39.8033
ID-1,Control_R1,27,before,39.8005
ID-1,Control_R1,28,before,39.7952
ID-1,Control_R1,29,before,39.8164
ID-1,Control_R1,30,before,39.7917
ID-1,Control_R1,31,before,39.8012
ID-1,Control_R1,32,before,39.7924
ID-1,Control_R1,33,before,39.7899
ID-1,Control_R1,34,before,39.79
ID-1,Control_R1,35,before,39.7816
ID-1,Control_R1,36,before,39.7809
ID-1,Control_R1,37,before,39.635
ID-1,Control_R1,38,before,39.799
ID-1,Control_R1,39,before,39.7905
ID-1,Control_R1,40,before,39.7849
ID-1,Control_R1,41,before,39.7924
ID-1,Control_R1,42,before,39.7841
ID-1,Control_R1,43,before,39.7827
ID-1,Control_R1,44,before,39.6687
ID-1,Control_R1,45,before,39.6724
ID-1,Control_R1,46,before,39.4798
ID-1,Control_R1,47,before,39.7721
ID-1,Control_R1,48,before,39.5972
ID-1,Control_R1,49,before,39.4707
ID-1,Control_R1,50,before,39.5065
ID-1,Control_R1,51,before,39.5906
ID-1,Control_R1,52,before,39.4324
ID-1,Control_R1,53,before,39.5631
ID-1,Control_R1,54,before,39.4539
ID-1,Control_R1,55,before,39.4954
ID-1,Control_R1,56,before,39.4375
ID-1,Control_R1,57,before,39.5221
ID-1,Control_R1,58,before,39.6348
ID-1,Control_R1,59,before,39.4165
ID-1,Control_R1,60,before,39.5113
ID-1,Control_R1,61,before,39.3654
ID-1,Control_R1,62,before,39.3919
ID-1,Control_R1,63,before,39.4845
ID-1,Control_R1,64,before,39.5611
ID-1,Control_R1,65,before,39.3641
ID-1,Control_R1,66,before,39.368
ID-1,Control_R1,67,before,39.402
ID-1,Control_R1,68,before,39.4451
ID-1,Control_R1,69,before,39.4354
ID-1,Control_R1,70,before,39.3899
ID-1,Control_R1,71,before,39.3601
ID-1,Control_R1,72,before,39.4123
ID-1,Control_R1,73,before,39.5008
ID-1,Control_R1,74,before,39.5181
ID-1,Control_R1,75,before,39.4913
ID-1,Control_R1,76,before,39.5297
ID-1,Control_R1,77,before,39.5255
ID-1,Control_R1,78,before,39.5274
ID-1,Control_R1,79,before,39.5353
ID-1,Control_R1,80,before,39.5369
ID-1,Control_R1,81,before,39.5454
ID-1,Control_R1,82,before,39.5616
ID-1,Control_R1,83,before,39.5756
ID-1,Control_R1,84,before,39.5529
ID-1,Control_R1,85,before,39.5841
ID-1,Control_R1,86,before,39.5933
ID-1,Control_R1,87,before,39.5885
ID-1,Control_R1,88,before,39.5951
ID-1,Control_R1,89,before,39.5899
ID-1,Control_R1,90,before,39.5865
ID-1,Control_R1,91,before,39.5944
ID-1,Control_R1,92,before,39.601
ID-1,Control_R1,93,before,39.5981
ID-1,Control_R1,94,before,39.6074
ID-1,Control_R1,95,before,39.6063
ID-1,Control_R1,96,before,39.6097
ID-1,Control_R1,97,before,39.612
ID-1,Control_R1,98,before,39.607
ID-1,Control_R1,99,before,39.6046
ID-1,Control_R1,100,before,39.6048
ID-1,Control_R1,101,before,39.5997
ID-1,Control_R1,102,before,39.5967
ID-1,Control_R1,103,before,39.6015
ID-1,Control_R1,104,before,39.6007
ID-1,Control_R1,105,before,39.5933
ID-1,Control_R1,106,before,39.5984
ID-1,Control_R1,107,before,39.5889
ID-1,Control_R1,108,before,39.5918
ID-1,Control_R1,109,before,39.591
ID-1,Control_R1,110,before,39.5846
ID-1,Control_R1,111,before,39.5783
ID-1,Control_R1,112,before,39.5783
ID-1,Control_R1,113,before,39.572
ID-1,Control_R1,114,before,39.568
ID-1,Control_R1,115,before,39.5693
ID-1,Control_R1,116,before,39.5659
ID-1,Control_R1,117,before,39.5628
ID-1,Control_R1,118,before,39.5652
ID-1,Control_R1,119,before,39.5597
ID-1,Control_R1,120,before,39.5522
ID-1,Control_R1,121,before,39.5534
ID-1,Control_R1,122,before,39.5439
ID-1,Control_R1,123,before,39.5351
ID-1,Control_R1,124,before,39.5376
ID-1,Control_R1,125,before,39.5286
ID-1,Control_R1,126,before,39.5172
ID-1,Control_R1,127,before,39.5224
ID-1,Control_R1,128,before,39.5117
ID-1,Control_R1,129,before,39.5079
ID-1,Control_R1,130,before,39.5039
ID-1,Control_R1,131,before,39.4926
ID-1,Control_R1,132,before,39.4883
ID-1,Control_R1,133,before,39.4864
ID-1,Control_R1,134,before,39.471
ID-1,Control_R1,135,before,39.4608
ID-1,Control_R1,136,before,39.4522
ID-1,Control_R1,137,before,39.4419
ID-1,Control_R1,138,before,39.4273
ID-1,Control_R1,139,before,39.4177
ID-1,Control_R1,140,before,39.4025
ID-1,Control_R1,141,before,39.3859
ID-1,Control_R1,142,before,39.3734
ID-1,Control_R1,143,before,39.3508
ID-1,Control_R1,144,before,39.3324
ID-1,Control_R1,145,before,39.3131
ID-1,Control_R1,146,before,39.292
ID-1,Control_R1,147,before,39.2199
ID-1,Control_R1,148,before,39.2413
ID-1,Control_R1,149,before,39.2167
ID-1,Control_R1,150,before,39.1881
ID-1,Control_R1,151,before,38.8036
ID-1,Control_R1,1,after,39.2528
ID-1,Control_R1,2,after,39.4382
ID-1,Control_R1,3,after,39.6454
ID-1,Control_R1,4,after,39.666
ID-1,Control_R1,5,after,39.6919
ID-1,Control_R1,6,after,39.734
ID-1,Control_R1,7,after,39.7398
ID-1,Control_R1,8,after,39.7667
ID-1,Control_R1,9,after,39.778
ID-1,Control_R1,10,after,39.7559
ID-1,Control_R1,11,after,39.8107
ID-1,Control_R1,12,after,39.7625
ID-1,Control_R1,13,after,39.7882
ID-1,Control_R1,14,after,39.7797
ID-1,Control_R1,15,after,39.807
ID-1,Control_R1,16,after,39.8517
ID-1,Control_R1,17,after,39.8675
ID-1,Control_R1,18,after,39.8486
ID-1,Control_R1,19,after,39.8464
ID-1,Control_R1,20,after,39.8465
ID-1,Control_R1,21,after,39.8747
ID-1,Control_R1,22,after,39.861
ID-1,Control_R1,23,after,39.8593
ID-1,Control_R1,24,after,39.8586
ID-1,Control_R1,25,after,39.8576
ID-1,Control_R1,26,after,39.8389
ID-1,Control_R1,27,after,39.8381
ID-1,Control_R1,28,after,39.8353
ID-1,Control_R1,29,after,39.8558
ID-1,Control_R1,30,after,39.8308
ID-1,Control_R1,31,after,39.8393
ID-1,Control_R1,32,after,39.8346
ID-1,Control_R1,33,after,39.8315
ID-1,Control_R1,34,after,39.8331
ID-1,Control_R1,35,after,39.8372
ID-1,Control_R1,36,after,39.83
ID-1,Control_R1,37,after,39.8433
ID-1,Control_R1,38,after,39.8449
ID-1,Control_R1,39,after,39.8354
ID-1,Control_R1,40,after,39.8399
ID-1,Control_R1,41,after,39.8387
ID-1,Control_R1,42,after,39.8332
ID-1,Control_R1,43,after,39.836
ID-1,Control_R1,44,after,39.8283
ID-1,Control_R1,45,after,39.8054
ID-1,Control_R1,46,after,39.8125
ID-1,Control_R1,47,after,39.833
ID-1,Control_R1,48,after,39.7975
ID-1,Control_R1,49,after,39.8048
ID-1,Control_R1,50,after,39.7845
ID-1,Control_R1,51,after,39.8012
ID-1,Control_R1,52,after,39.7676
ID-1,Control_R1,53,after,39.7909
ID-1,Control_R1,54,after,39.7731
ID-1,Control_R1,55,after,39.779
ID-1,Control_R1,56,after,39.7783
ID-1,Control_R1,57,after,39.7825
ID-1,Control_R1,58,after,39.7947
ID-1,Control_R1,59,after,39.7791
ID-1,Control_R1,60,after,39.7779
ID-1,Control_R1,61,after,39.753
ID-1,Control_R1,62,after,39.7632
ID-1,Control_R1,63,after,39.7749
ID-1,Control_R1,64,after,39.7875
ID-1,Control_R1,65,after,39.7494
ID-1,Control_R1,66,after,39.7527
ID-1,Control_R1,67,after,39.7184
ID-1,Control_R1,68,after,39.7507
ID-1,Control_R1,69,after,39.7505
ID-1,Control_R1,70,after,39.7443
ID-1,Control_R1,71,after,39.7405
ID-1,Control_R1,72,after,39.7498
ID-1,Control_R1,73,after,39.7713
ID-1,Control_R1,74,after,39.7679
ID-1,Control_R1,75,after,39.7329
ID-1,Control_R1,76,after,39.7669
ID-1,Control_R1,77,after,39.7582
ID-1,Control_R1,78,after,39.7526
ID-1,Control_R1,79,after,39.7515
ID-1,Control_R1,80,after,39.7431
ID-1,Control_R1,81,after,39.7404
ID-1,Control_R1,82,after,39.7436
ID-1,Control_R1,83,after,39.7474
ID-1,Control_R1,84,after,39.7135
ID-1,Control_R1,85,after,39.7347
ID-1,Control_R1,86,after,39.7368
ID-1,Control_R1,87,after,39.7264
ID-1,Control_R1,88,after,39.727
ID-1,Control_R1,89,after,39.7156
ID-1,Control_R1,90,after,39.7078
ID-1,Control_R1,91,after,39.7108
ID-1,Control_R1,92,after,39.7129
ID-1,Control_R1,93,after,39.7057
ID-1,Control_R1,94,after,39.7105
ID-1,Control_R1,95,after,39.7066
ID-1,Control_R1,96,after,39.7066
ID-1,Control_R1,97,after,39.7059
ID-1,Control_R1,98,after,39.6988
ID-1,Control_R1,99,after,39.6945
ID-1,Control_R1,100,after,39.6929
ID-1,Control_R1,101,after,39.6871
ID-1,Control_R1,102,after,39.6836
ID-1,Control_R1,103,after,39.6868
ID-1,Control_R1,104,after,39.685
ID-1,Control_R1,105,after,39.6765
ID-1,Control_R1,106,after,39.6816
ID-1,Control_R1,107,after,39.6718
ID-1,Control_R1,108,after,39.6739
ID-1,Control_R1,109,after,39.6733
ID-1,Control_R1,110,after,39.6666
ID-1,Control_R1,111,after,39.661
ID-1,Control_R1,112,after,39.6603
ID-1,Control_R1,113,after,39.6547
ID-1,Control_R1,114,after,39.6513
ID-1,Control_R1,115,after,39.6526
ID-1,Control_R1,116,after,39.6492
ID-1,Control_R1,117,after,39.6468
ID-1,Control_R1,118,after,39.6504
ID-1,Control_R1,119,after,39.6458
ID-1,Control_R1,120,after,39.64
ID-1,Control_R1,121,after,39.6416
ID-1,Control_R1,122,after,39.6343
ID-1,Control_R1,123,after,39.6269
ID-1,Control_R1,124,after,39.6306
ID-1,Control_R1,125,after,39.6237
ID-1,Control_R1,126,after,39.6143
ID-1,Control_R1,127,after,39.6214
ID-1,Control_R1,128,after,39.6145
ID-1,Control_R1,129,after,39.615
ID-1,Control_R1,130,after,39.6145
ID-1,Control_R1,131,after,39.6075
ID-1,Control_R1,132,after,39.6081
ID-1,Control_R1,133,after,39.6124
ID-1,Control_R1,134,after,39.603
ID-1,Control_R1,135,after,39.5997
ID-1,Control_R1,136,after,39.5978
ID-1,Control_R1,137,after,39.5955
ID-1,Control_R1,138,after,39.5894
ID-1,Control_R1,139,after,39.5891
ID-1,Control_R1,140,after,39.5839
ID-1,Control_R1,141,after,39.5802
ID-1,Control_R1,142,after,39.5792
ID-1,Control_R1,143,after,39.5716
ID-1,Control_R1,144,after,39.5678
ID-1,Control_R1,145,after,39.5633
ID-1,Control_R1,146,after,39.5607
ID-1,Control_R1,147,after,39.5068
ID-1,Control_R1,148,after,39.5476
ID-1,Control_R1,149,after,39.5471
ID-1,Control_R1,150,after,39.5437
ID-1,Control_R1,151,after,39.1915
ID-7,Benzamidine_R2,1,before,39.1286
ID-7,Benzamidine_R2,2,before,39.1491
ID-7,Benzamidine_R2,3,before,39.4206
ID-7,Benzamidine_R2,4,before,39.4083
ID-7,Benzamidine_R2,5,before,39.3411
ID-7,Benzamidine_R2,6,before,39.3472
ID-7,Benzamidine_R2,7,before,39.2084
ID-7,Benzamidine_R2,8,before,39.3492
ID-7,Benzamidine_R2,9,before,39.4243
ID-7,Benzamidine_R2,10,before,39.3957
ID-7,Benzamidine_R2,11,before,39.4743
ID-7,Benzamidine_R2,12,before,39.4545
ID-7,Benzamidine_R2,13,before,39.4483
ID-7,Benzamidine_R2,14,before,39.5197
ID-7,Benzamidine_R2,15,before,39.473
ID-7,Benzamidine_R2,16,before,39.5304
ID-7,Benzamidine_R2,17,before,39.532
ID-7,Benzamidine_R2,18,before,39.5489
ID-7,Benzamidine_R2,19,before,39.6005
ID-7,Benzamidine_R2,20,before,39.574
ID-7,Benzamidine_R2,21,before,39.5506
ID-7,Benzamidine_R2,22,before,39.5238
ID-7,Benzamidine_R2,23,before,39.5218
ID-7,Benzamidine_R2,24,before,39.5957
ID-7,Benzamidine_R2,25,before,39.5878
ID-7,Benzamidine_R2,26,before,39.6083
ID-7,Benzamidine_R2,27,before,39.595
ID-7,Benzamidine_R2,28,before,39.4969
ID-7,Benzamidine_R2,29,before,39.5374
ID-7,Benzamidine_R2,30,before,39.5534
ID-7,Benzamidine_R2,31,before,39.599
ID-7,Benzamidine_R2,32,before,39.5043
ID-7,Benzamidine_R2,33,before,39.5983
ID-7,Benzamidine_R2,34,before,39.4921
ID-7,Benzamidine_R2,35,before,39.4574
ID-7,Benzamidine_R2,36,before,39.4021
ID-7,Benzamidine_R2,37,before,39.5505
ID-7,Benzamidine_R2,38,before,39.5099
ID-7,Benzamidine_R2,39,before,39.5037
ID-7,Benzamidine_R2,40,before,39.3677
ID-7,Benzamidine_R2,41,before,39.4318
ID-7,Benzamidine_R2,42,before,38.8049
ID-7,Benzamidine_R2,43,before,39.3474
ID-7,Benzamidine_R2,44,before,37.3085
ID-7,Benzamidine_R2,45,before,37.3421
ID-7,Benzamidine_R2,46,before,35.5763
ID-7,Benzamidine_R2,47,before,39.0009
ID-7,Benzamidine_R2,48,before,31.6859
ID-7,Benzamidine_R2,49,before,33.877
ID-7,Benzamidine_R2,50,before,32.262
ID-7,Benzamidine_R2,51,before,36.0235
ID-7,Benzamidine_R2,52,before,31.9438
ID-7,Benzamidine_R2,53,before,32.3777
ID-7,Benzamidine_R2,54,before,32.566
ID-7,Benzamidine_R2,55,before,31.204
ID-7,Benzamidine_R2,56,before,30.2269
ID-7,Benzamidine_R2,57,before,32.558
ID-7,Benzamidine_R2,58,before,34.8738
ID-7,Benzamidine_R2,59,before,30.4634
ID-7,Benzamidine_R2,60,before,32.9523
ID-7,Benzamidine_R2,61,before,30.3098
ID-7,Benzamidine_R2,62,before,29.932
ID-7,Benzamidine_R2,63,before,32.2648
ID-7,Benzamidine_R2,64,before,33.7608
ID-7,Benzamidine_R2,65,before,30.8162
ID-7,Benzamidine_R2,66,before,30.199
ID-7,Benzamidine_R2,67,before,30.0481
ID-7,Benzamidine_R2,68,before,30.7896
ID-7,Benzamidine_R2,69,before,31.1248
ID-7,Benzamidine_R2,70,before,30.6806
ID-7,Benzamidine_R2,71,before,30.1577
ID-7,Benzamidine_R2,72,before,31.3236
ID-7,Benzamidine_R2,73,before,33.2214
ID-7,Benzamidine_R2,74,before,33.8731
ID-7,Benzamidine_R2,75,before,34.0423
ID-7,Benzamidine_R2,76,before,34.1544
ID-7,Benzamidine_R2,77,before,34.1979
ID-7,Benzamidine_R2,78,before,34.2399
ID-7,Benzamidine_R2,79,before,34.2793
ID-7,Benzamidine_R2,80,before,34.3366
ID-7,Benzamidine_R2,81,before,34.4341
ID-7,Benzamidine_R2,82,before,34.6135
ID-7,Benzamidine_R2,83,before,34.8421
ID-7,Benzamidine_R2,84,before,35.1156
ID-7,Benzamidine_R2,85,before,35.5506
ID-7,Benzamidine_R2,86,before,35.9343
ID-7,Benzamidine_R2,87,before,36.3171
ID-7,Benzamidine_R2,88,before,36.6743
ID-7,Benzamidine_R2,89,before,36.9641
ID-7,Benzamidine_R2,90,before,37.2248
ID-7,Benzamidine_R2,91,before,37.4619
ID-7,Benzamidine_R2,92,before,37.6412
ID-7,Benzamidine_R2,93,before,37.7873
ID-7,Benzamidine_R2,94,before,37.9456
ID-7,Benzamidine_R2,95,before,38.0622
ID-7,Benzamidine_R2,96,before,38.1816
ID-7,Benzamidine_R2,97,before,38.2996
ID-7,Benzamidine_R2,98,before,38.379
ID-7,Benzamidine_R2,99,before,38.4525
ID-7,Benzamidine_R2,100,before,38.5273
ID-7,Benzamidine_R2,101,before,38.5689
ID-7,Benzamidine_R2,102,before,38.6156
ID-7,Benzamidine_R2,103,before,38.6729
ID-7,Benzamidine_R2,104,before,38.7064
ID-7,Benzamidine_R2,105,before,38.7432
ID-7,Benzamidine_R2,106,before,38.7842
ID-7,Benzamidine_R2,107,before,38.8099
ID-7,Benzamidine_R2,108,before,38.8417
ID-7,Benzamidine_R2,109,before,38.8618
ID-7,Benzamidine_R2,110,before,38.8842
ID-7,Benzamidine_R2,111,before,38.9008
ID-7,Benzamidine_R2,112,before,38.9167
ID-7,Benzamidine_R2,113,before,38.9307
ID-7,Benzamidine_R2,114,before,38.9384
ID-7,Benzamidine_R2,115,before,38.9542
ID-7,Benzamidine_R2,116,before,38.9655
ID-7,Benzamidine_R2,117,before,38.9728
ID-7,Benzamidine_R2,118,before,38.9818
ID-7,Benzamidine_R2,119,before,38.981
ID-7,Benzamidine_R2,120,before,38.983
ID-7,Benzamidine_R2,121,before,38.9931
ID-7,Benzamidine_R2,122,before,38.9893
ID-7,Benzamidine_R2,123,before,38.9817
ID-7,Benzamidine_R2,124,before,38.9901
ID-7,Benzamidine_R2,125,before,38.98
ID-7,Benzamidine_R2,126,before,38.9705
ID-7,Benzamidine_R2,127,before,38.9687
ID-7,Benzamidine_R2,128,before,38.9482
ID-7,Benzamidine_R2,129,before,38.941
ID-7,Benzamidine_R2,130,before,38.9202
ID-7,Benzamidine_R2,131,before,38.899
ID-7,Benzamidine_R2,132,before,38.8906
ID-7,Benzamidine_R2,133,before,38.8857
ID-7,Benzamidine_R2,134,before,38.8666
ID-7,Benzamidine_R2,135,before,38.8575
ID-7,Benzamidine_R2,136,before,38.8506
ID-7,Benzamidine_R2,137,before,38.8491
ID-7,Benzamidine_R2,138,before,38.8403
ID-7,Benzamidine_R2,139,before,38.8377
ID-7,Benzamidine_R2,140,before,38.8265
ID-7,Benzamidine_R2,141,before,38.8152
ID-7,Benzamidine_R2,142,before,38.8136
ID-7,Benzamidine_R2,143,before,38.7976
ID-7,Benzamidine_R2,144,before,38.7847
ID-7,Benzamidine_R2,145,before,38.7751
ID-7,Benzamidine_R2,146,before,38.7606
ID-7,Benzamidine_R2,147,before,38.6746
ID-7,Benzamidine_R2,148,before,38.7223
ID-7,Benzamidine_R2,149,before,38.6994
ID-7,Benzamidine_R2,150,before,38.6805
ID-7,Benzamidine_R2,151,before,38.3903
ID-7,Benzamidine_R2,1,after,38.8799
ID-7,Benzamidine_R2,2,after,39.3015
ID-7,Benzamidine_R2,3,after,39.4089
ID-7,Benzamidine_R2,4,after,39.4057
ID-7,Benzamidine_R2,5,after,39.4475
ID-7,Benzamidine_R2,6,after,39.4067
ID-7,Benzamidine_R2,7,after,39.3487
ID-7,Benzamidine_R2,8,after,39.3988
ID-7,Benzamidine_R2,9,after,39.4353
ID-7,Benzamidine_R2,10,after,39.4371
ID-7,Benzamidine_R2,11,after,39.4823
ID-7,Benzamidine_R2,12,after,39.4328
ID-7,Benzamidine_R2,13,after,39.4599
ID-7,Benzamidine_R2,14,after,39.4484
ID-7,Benzamidine_R2,15,after,39.474
ID-7,Benzamidine_R2,16,after,39.5334
ID-7,Benzamidine_R2,17,after,39.5532
ID-7,Benzamidine_R2,18,after,39.5258
ID-7,Benzamidine_R2,19,after,39.5348
ID-7,Benzamidine_R2,20,after,39.5273
ID-7,Benzamidine_R2,21,after,39.5633
ID-7,Benzamidine_R2,22,after,39.5539
ID-7,Benzamidine_R2,23,after,39.5506
ID-7,Benzamidine_R2,24,after,39.5557
ID-7,Benzamidine_R2,25,after,39.5485
ID-7,Benzamidine_R2,26,after,39.5318
ID-7,Benzamidine_R2,27,after,39.5328
ID-7,Benzamidine_R2,28,after,39.5254
ID-7,Benzamidine_R2,29,after,39.5514
ID-7,Benzamidine_R2,30,after,39.5201
ID-7,Benzamidine_R2,31,after,39.5254
ID-7,Benzamidine_R2,32,after,39.5297
ID-7,Benzamidine_R2,33,after,39.5223
ID-7,Benzamidine_R2,34,after,39.5231
ID-7,Benzamidine_R2,35,after,39.5285
ID-7,Benzamidine_R2,36,after,39.5282
ID-7,Benzamidine_R2,37,after,39.5384
ID-7,Benzamidine_R2,38,after,39.5456
ID-7,Benzamidine_R2,39,after,39.539
ID-7,Benzamidine_R2,40,after,39.5402
ID-7,Benzamidine_R2,41,after,39.5401
ID-7,Benzamidine_R2,42,after,39.5315
ID-7,Benzamidine_R2,43,after,39.5299
ID-7,Benzamidine_R2,44,after,39.5255
ID-7,Benzamidine_R2,45,after,39.4965
ID-7,Benzamidine_R2,46,after,39.4991
ID-7,Benzamidine_R2,47,after,39.5373
ID-7,Benzamidine_R2,48,after,39.4884
ID-7,Benzamidine_R2,49,after,39.5033
ID-7,Benzamidine_R2,50,after,39.4719
ID-7,Benzamidine_R2,51,after,39.5016
ID-7,Benzamidine_R2,52,after,39.4543
ID-7,Benzamidine_R2,53,after,39.4801
ID-7,Benzamidine_R2,54,after,39.4583
ID-7,Benzamidine_R2,55,after,39.4645
ID-7,Benzamidine_R2,56,after,39.4635
ID-7,Benzamidine_R2,57,after,39.4779
ID-7,Benzamidine_R2,58,after,39.4925
ID-7,Benzamidine_R2,59,after,39.4753
ID-7,Benzamidine_R2,60,after,39.4758
ID-7,Benzamidine_R2,61,after,39.4251
ID-7,Benzamidine_R2,62,after,39.4515
ID-7,Benzamidine_R2,63,after,39.4689
ID-7,Benzamidine_R2,64,after,39.4832
ID-7,Benzamidine_R2,65,after,39.428
ID-7,Benzamidine_R2,66,after,39.4444
ID-7,Benzamidine_R2,67,after,39.3942
ID-7,Benzamidine_R2,68,after,39.4375
ID-7,Benzamidine_R2,69,after,39.4416
ID-7,Benzamidine_R2,70,after,39.4343
ID-7,Benzamidine_R2,71,after,39.4284
ID-7,Benzamidine_R2,72,after,39.4343
ID-7,Benzamidine_R2,73,after,39.4603
ID-7,Benzamidine_R2,74,after,39.4615
ID-7,Benzamidine_R2,75,after,39.4206
ID-7,Benzamidine_R2,76,after,39.4631
ID-7,Benzamidine_R2,77,after,39.4509
ID-7,Benzamidine_R2,78,after,39.4506
ID-7,Benzamidine_R2,79,after,39.4509
ID-7,Benzamidine_R2,80,after,39.442
ID-7,Benzamidine_R2,81,after,39.4409
ID-7,Benzamidine_R2,82,after,39.4445
ID-7,Benzamidine_R2,83,after,39.4444
ID-7,Benzamidine_R2,84,after,39.3984
ID-7,Benzamidine_R2,85,after,39.4254
ID-7,Benzamidine_R2,86,after,39.4237
ID-7,Benzamidine_R2,87,after,39.4171
ID-7,Benzamidine_R2,88,after,39.4205
ID-7,Benzamidine_R2,89,after,39.4061
ID-7,Benzamidine_R2,90,after,39.4018
ID-7,Benzamidine_R2,91,after,39.407
ID-7,Benzamidine_R2,92,after,39.4058
ID-7,Benzamidine_R2,93,after,39.3952
ID-7,Benzamidine_R2,94,after,39.403
ID-7,Benzamidine_R2,95,after,39.3961
ID-7,Benzamidine_R2,96,after,39.3946
ID-7,Benzamidine_R2,97,after,39.3999
ID-7,Benzamidine_R2,98,after,39.3906
ID-7,Benzamidine_R2,99,after,39.3885
ID-7,Benzamidine_R2,100,after,39.3878
ID-7,Benzamidine_R2,101,after,39.3819
ID-7,Benzamidine_R2,102,after,39.3772
ID-7,Benzamidine_R2,103,after,39.3852
ID-7,Benzamidine_R2,104,after,39.3787
ID-7,Benzamidine_R2,105,after,39.3708
ID-7,Benzamidine_R2,106,after,39.3741
ID-7,Benzamidine_R2,107,after,39.3674
ID-7,Benzamidine_R2,108,after,39.3657
ID-7,Benzamidine_R2,109,after,39.3625
ID-7,Benzamidine_R2,110,after,39.3575
ID-7,Benzamidine_R2,111,after,39.3531
ID-7,Benzamidine_R2,112,after,39.3498
ID-7,Benzamidine_R2,113,after,39.344
ID-7,Benzamidine_R2,114,after,39.3413
ID-7,Benzamidine_R2,115,after,39.3395
ID-7,Benzamidine_R2,116,after,39.3388
ID-7,Benzamidine_R2,117,after,39.3356
ID-7,Benzamidine_R2,118,after,39.3356
ID-7,Benzamidine_R2,119,after,39.3256
ID-7,Benzamidine_R2,120,after,39.3224
ID-7,Benzamidine_R2,121,after,39.3264
ID-7,Benzamidine_R2,122,after,39.3203
ID-7,Benzamidine_R2,123,after,39.3069
ID-7,Benzamidine_R2,124,after,39.314
ID-7,Benzamidine_R2,125,after,39.3067
ID-7,Benzamidine_R2,126,after,39.3018
ID-7,Benzamidine_R2,127,after,39.3053
ID-7,Benzamidine_R2,128,after,39.2939
ID-7,Benzamidine_R2,129,after,39.3006
ID-7,Benzamidine_R2,130,after,39.2917
ID-7,Benzamidine_R2,131,after,39.2832
ID-7,Benzamidine_R2,132,after,39.2851
ID-7,Benzamidine_R2,133,after,39.2885
ID-7,Benzamidine_R2,134,after,39.2778
ID-7,Benzamidine_R2,135,after,39.272
ID-7,Benzamidine_R2,136,after,39.2681
ID-7,Benzamidine_R2,137,after,39.2675
ID-7,Benzamidine_R2,138,after,39.2627
ID-7,Benzamidine_R2,139,after,39.2606
ID-7,Benzamidine_R2,140,after,39.2561
ID-7,Benzamidine_R2,141,after,39.2476
ID-7,Benzamidine_R2,142,after,39.2504
ID-7,Benzamidine_R2,143,after,39.243
ID-7,Benzamidine_R2,144,after,39.2369
ID-7,Benzamidine_R2,145,after,39.2369
ID-7,Benzamidine_R2,146,after,39.2349
ID-7,Benzamidine_R2,147,after,39.1603
ID-7,Benzamidine_R2,148,after,39.2246
ID-7,Benzamidine_R2,149,after,39.2176
ID-7,Benzamidine_R2,150,after,39.218
ID-7,Benzamidine_R2,151,after,38.7984
ID-8,Benzamidine_R3,1,before,38.5211
ID-8,Benzamidine_R3,2,before,38.9054
ID-8,Benzamidine_R3,3,before,39.3624
ID-8,Benzamidine_R3,4,before,39.4369
ID-8,Benzamidine_R3,5,before,39.2752
ID-8,Benzamidine_R3,6,before,39.2845
ID-8,Benzamidine_R3,7,before,39.2068
ID-8,Benzamidine_R3,8,before,39.3569
ID-8,Benzamidine_R3,9,before,39.3912
ID-8,Benzamidine_R3,10,before,39.3619
ID-8,Benzamidine_R3,11,before,39.3915
ID-8,Benzamidine_R3,12,before,39.0488
ID-8,Benzamidine_R3,13,before,39.43
ID-8,Benzamidine_R3,14,before,39.5317
ID-8,Benzamidine_R3,15,before,39.4317
ID-8,Benzamidine_R3,16,before,39.5943
ID-8,Benzamidine_R3,17,before,39.5921
ID-8,Benzamidine_R3,18,before,39.6489
ID-8,Benzamidine_R3,19,before,39.6409
ID-8,Benzamidine_R3,20,before,39.6404
ID-8,Benzamidine_R3,21,before,39.5891
ID-8,Benzamidine_R3,22,before,39.61
ID-8,Benzamidine_R3,23,before,39.6003
ID-8,Benzamidine_R3,24,before,39.6735
ID-8,Benzamidine_R3,25,before,39.6634
ID-8,Benzamidine_R3,26,before,39.6715
ID-8,Benzamidine_R3,27,before,39.623
ID-8,Benzamidine_R3,28,before,39.5825
ID-8,Benzamidine_R3,29,before,39.594
ID-8,Benzamidine_R3,30,before,39.632
ID-8,Benzamidine_R3,31,before,39.6168
ID-8,Benzamidine_R3,32,before,39.49
ID-8,Benzamidine_R3,33,before,39.3356
ID-8,Benzamidine_R3,34,before,39.5727
ID-8,Benzamidine_R3,35,before,39.5351
ID-8,Benzamidine_R3,36,before,39.6115
ID-8,Benzamidine_R3,37,before,39.641
ID-8,Benzamidine_R3,38,before,39.6219
ID-8,Benzamidine_R3,39,before,39.6383
ID-8,Benzamidine_R3,40,before,39.5352
ID-8,Benzamidine_R3,41,before,39.4622
ID-8,Benzamidine_R3,42,before,39.3929
ID-8,Benzamidine_R3,43,before,39.4361
ID-8,Benzamidine_R3,44,before,35.6287
ID-8,Benzamidine_R3,45,before,36.3026
ID-8,Benzamidine_R3,46,before,30.1712
ID-8,Benzamidine_R3,47,before,39.0624
ID-8,Benzamidine_R3,48,before,31.992
ID-8,Benzamidine_R3,49,before,30.3421
ID-8,Benzamidine_R3,50,before,33.0868
ID-8,Benzamidine_R3,51,before,33.7565
ID-8,Benzamidine_R3,52,before,29.7839
ID-8,Benzamidine_R3,53,before,33.8721
ID-8,Benzamidine_R3,54,before,29.5646
ID-8,Benzamidine_R3,55,before,31.8393
ID-8,Benzamidine_R3,56,before,30.0137
ID-8,Benzamidine_R3,57,before,32.5296
ID-8,Benzamidine_R3,58,before,36.7531
ID-8,Benzamidine_R3,59,before,29.5339
ID-8,Benzamidine_R3,60,before,32.2656
ID-8,Benzamidine_R3,61,before,28.6001
ID-8,Benzamidine_R3,62,before,29.0117
ID-8,Benzamidine_R3,63,before,31.6538
ID-8,Benzamidine_R3,64,before,34.5411
ID-8,Benzamidine_R3,65,before,28.4643
ID-8,Benzamidine_R3,66,before,28.5394
ID-8,Benzamidine_R3,67,before,31.6899
ID-8,Benzamidine_R3,68,before,32.0174
ID-8,Benzamidine_R3,69,before,31.8691
ID-8,Benzamidine_R3,70,before,30.3886
ID-8,Benzamidine_R3,71,before,29.1844
ID-8,Benzamidine_R3,72,before,29.9326
ID-8,Benzamidine_R3,73,before,32.6736
ID-8,Benzamidine_R3,74,before,33.4381
ID-8,Benzamidine_R3,75,before,33.7707
ID-8,Benzamidine_R3,76,before,34.009
ID-8,Benzamidine_R3,77,before,34.2831
ID-8,Benzamidine_R3,78,before,34.579
ID-8,Benzamidine_R3,79,before,35.0366
ID-8,Benzamidine_R3,80,before,35.464
ID-8,Benzamidine_R3,81,before,35.7498
ID-8,Benzamidine_R3,82,before,36.1612
ID-8,Benzamidine_R3,83,before,36.5001
ID-8,Benzamidine_R3,84,before,36.8372
ID-8,Benzamidine_R3,85,before,37.2951
ID-8,Benzamidine_R3,86,before,37.455
ID-8,Benzamidine_R3,87,before,37.6344
ID-8,Benzamidine_R3,88,before,37.7801
ID-8,Benzamidine_R3,89,before,37.9821
ID-8,Benzamidine_R3,90,before,38.1014
ID-8,Benzamidine_R3,91,before,38.26
ID-8,Benzamidine_R3,92,before,38.3174
ID-8,Benzamidine_R3,93,before,38.4084
ID-8,Benzamidine_R3,94,before,38.5468
ID-8,Benzamidine_R3,95,before,38.6112
ID-8,Benzamidine_R3,96,before,38.6683
ID-8,Benzamidine_R3,97,before,38.7307
ID-8,Benzamidine_R3,98,before,38.7743
ID-8,Benzamidine_R3,99,before,38.8521
ID-8,Benzamidine_R3,100,before,38.881
ID-8,Benzamidine_R3,101,before,38.894
ID-8,Benzamidine_R3,102,before,38.9184
ID-8,Benzamidine_R3,103,before,38.938
ID-8,Benzamidine_R3,104,before,38.9841
ID-8,Benzamidine_R3,105,before,39.0094
ID-8,Benzamidine_R3,106,before,38.9982
ID-8,Benzamidine_R3,107,before,39.0176
ID-8,Benzamidine_R3,108,before,39.0461
ID-8,Benzamidine_R3,109,before,39.0598
ID-8,Benzamidine_R3,110,before,39.0737
ID-8,Benzamidine_R3,111,before,39.0747
ID-8,Benzamidine_R3,112,before,39.0922
ID-8,Benzamidine_R3,113,before,39.1305
ID-8,Benzamidine_R3,114,before,39.1458
ID-8,Benzamidine_R3,115,before,39.1359
ID-8,Benzamidine_R3,116,before,39.1327
ID-8,Benzamidine_R3,117,before,39.1524
ID-8,Benzamidine_R3,118,before,39.1781
ID-8,Benzamidine_R3,119,before,39.1682
ID-8,Benzamidine_R3,120,before,39.1707
ID-8,Benzamidine_R3,121,before,39.1707
ID-8,Benzamidine_R3,122,before,39.2049
ID-8,Benzamidine_R3,123,before,39.1965
ID-8,Benzamidine_R3,124,before,39.186
ID-8,Benzamidine_R3,125,before,39.1902
ID-8,Benzamidine_R3,126,before,39.2085
ID-8,Benzamidine_R3,127,before,39.2022
ID-8,Benzamidine_R3,128,before,39.1836
ID-8,Benzamidine_R3,129,before,39.1647
ID-8,Benzamidine_R3,130,before,39.1757
ID-8,Benzamidine_R3,131,before,39.164
ID-8,Benzamidine_R3,132,before,39.1449
ID-8,Benzamidine_R3,133,before,39.1299
ID-8,Benzamidine_R3,134,before,39.125
ID-8,Benzamidine_R3,135,before,39.1094
ID-8,Benzamidine_R3,136,before,39.0843
ID-8,Benzamidine_R3,137,before,39.0671
ID-8,Benzamidine_R3,138,before,39.0451
ID-8,Benzamidine_R3,139,before,39.0773
ID-8,Benzamidine_R3,140,before,39.0698
ID-8,Benzamidine_R3,141,before,39.0419
ID-8,Benzamidine_R3,142,before,39.0607
ID-8,Benzamidine_R3,143,before,39.0573
ID-8,Benzamidine_R3,144,before,39.0351
ID-8,Benzamidine_R3,145,before,39.0185
ID-8,Benzamidine_R3,146,before,39.039
ID-8,Benzamidine_R3,147,before,39.0153
ID-8,Benzamidine_R3,148,before,38.9896
ID-8,Benzamidine_R3,149,before,38.9827
ID-8,Benzamidine_R3,150,before,38.9869
ID-8,Benzamidine_R3,151,before,38.8791
ID-8,Benzamidine_R3,1,after,38.9154
ID-8,Benzamidine_R3,2,after,39.1203
ID-8,Benzamidine_R3,3,after,39.3218
ID-8,Benzamidine_R3,4,after,39.3928
ID-8,Benzamidine_R3,5,after,39.3639
ID-8,Benzamidine_R3,6,after,39.3345
ID-8,Benzamidine_R3,7,after,39.3084
ID-8,Benzamidine_R3,8,after,39.34
ID-8,Benzamidine_R3,9,after,39.3639
ID-8,Benzamidine_R3,10,after,39.363
ID-8,Benzamidine_R3,11,after,39.3663
ID-8,Benzamidine_R3,12,after,39.3722
ID-8,Benzamidine_R3,13,after,39.4006
ID-8,Benzamidine_R3,14,after,39.3912
ID-8,Benzamidine_R3,15,after,39.3814
ID-8,Benzamidine_R3,16,after,39.5874
ID-8,Benzamidine_R3,17,after,39.603
ID-8,Benzamidine_R3,18,after,39.6083
ID-8,Benzamidine_R3,19,after,39.5981
ID-8,Benzamidine_R3,20,after,39.5858
ID-8,Benzamidine_R3,21,after,39.5933
ID-8,Benzamidine_R3,22,after,39.6125
ID-8,Benzamidine_R3,23,after,39.6142
ID-8,Benzamidine_R3,24,after,39.6083
ID-8,Benzamidine_R3,25,after,39.6016
ID-8,Benzamidine_R3,26,after,39.5895
ID-8,Benzamidine_R3,27,after,39.5903
ID-8,Benzamidine_R3,28,after,39.5904
ID-8,Benzamidine_R3,29,after,39.6011
ID-8,Benzamidine_R3,30,after,39.5793
ID-8,Benzamidine_R3,31,after,39.5806
ID-8,Benzamidine_R3,32,after,39.5953
ID-8,Benzamidine_R3,33,after,39.5902
ID-8,Benzamidine_R3,34,after,39.5785
ID-8,Benzamidine_R3,35,after,39.5695
ID-8,Benzamidine_R3,36,after,39.572
ID-8,Benzamidine_R3,37,after,39.5857
ID-8,Benzamidine_R3,38,after,39.6013
ID-8,Benzamidine_R3,39,after,39.5854
ID-8,Benzamidine_R3,40,after,39.5788
ID-8,Benzamidine_R3,41,after,39.5843
ID-8,Benzamidine_R3,42,after,39.5656
ID-8,Benzamidine_R3,43,after,39.5936
ID-8,Benzamidine_R3,44,after,39.5877
ID-8,Benzamidine_R3,45,after,39.5604
ID-8,Benzamidine_R3,46,after,39.5794
ID-8,Benzamidine_R3,47,after,39.5716
ID-8,Benzamidine_R3,48,after,39.5816
ID-8,Benzamidine_R3,49,after,39.5756
ID-8,Benzamidine_R3,50,after,39.5637
ID-8,Benzamidine_R3,51,after,39.565
ID-8,Benzamidine_R3,52,after,39.5606
ID-8,Benzamidine_R3,53,after,39.5792
ID-8,Benzamidine_R3,54,after,39.5799
ID-8,Benzamidine_R3,55,after,39.5692
ID-8,Benzamidine_R3,56,after,39.5678
ID-8,Benzamidine_R3,57,after,39.5463
ID-8,Benzamidine_R3,58,after,39.5524
ID-8,Benzamidine_R3,59,after,39.5743
ID-8,Benzamidine_R3,60,after,39.5589
ID-8,Benzamidine_R3,61,after,39.5489
ID-8,Benzamidine_R3,62,after,39.5366
ID-8,Benzamidine_R3,63,after,39.5286
ID-8,Benzamidine_R3,64,after,39.5567
ID-8,Benzamidine_R3,65,after,39.5481
ID-8,Benzamidine_R3,66,after,39.5434
ID-8,Benzamidine_R3,67,after,39.5389
ID-8,Benzamidine_R3,68,after,39.5334
ID-8,Benzamidine_R3,69,after,39.5467
ID-8,Benzamidine_R3,70,after,39.5488
ID-8,Benzamidine_R3,71,after,39.5396
ID-8,Benzamidine_R3,72,after,39.5288
ID-8,Benzamidine_R3,73,after,39.5333
ID-8,Benzamidine_R3,74,after,39.5391
ID-8,Benzamidine_R3,75,after,39.5293
ID-8,Benzamidine_R3,76,after,39.5317
ID-8,Benzamidine_R3,77,after,39.5207
ID-8,Benzamidine_R3,78,after,39.5062
ID-8,Benzamidine_R3,79,after,39.5322
ID-8,Benzamidine_R3,80,after,39.5293
ID-8,Benzamidine_R3,81,after,39.5182
ID-8,Benzamidine_R3,82,after,39.5109
ID-8,Benzamidine_R3,83,after,39.5136
ID-8,Benzamidine_R3,84,after,39.4382
ID-8,Benzamidine_R3,85,after,39.5247
ID-8,Benzamidine_R3,86,after,39.5105
ID-8,Benzamidine_R3,87,after,39.5003
ID-8,Benzamidine_R3,88,after,39.5022
ID-8,Benzamidine_R3,89,after,39.5092
ID-8,Benzamidine_R3,90,after,39.5008
ID-8,Benzamidine_R3,91,after,39.5055
ID-8,Benzamidine_R3,92,after,39.4929
ID-8,Benzamidine_R3,93,after,39.4781
ID-8,Benzamidine_R3,94,after,39.5015
ID-8,Benzamidine_R3,95,after,39.4996
ID-8,Benzamidine_R3,96,after,39.4889
ID-8,Benzamidine_R3,97,after,39.482
ID-8,Benzamidine_R3,98,after,39.4794
ID-8,Benzamidine_R3,99,after,39.5029
ID-8,Benzamidine_R3,100,after,39.4966
ID-8,Benzamidine_R3,101,after,39.4801
ID-8,Benzamidine_R3,102,after,39.4767
ID-8,Benzamidine_R3,103,after,39.4741
ID-8,Benzamidine_R3,104,after,39.4967
ID-8,Benzamidine_R3,105,after,39.4891
ID-8,Benzamidine_R3,106,after,39.469
ID-8,Benzamidine_R3,107,after,39.4686
ID-8,Benzamidine_R3,108,after,39.4782
ID-8,Benzamidine_R3,109,after,39.4786
ID-8,Benzamidine_R3,110,after,39.4767
ID-8,Benzamidine_R3,111,after,39.4628
ID-8,Benzamidine_R3,112,after,39.4667
ID-8,Benzamidine_R3,113,after,39.4854
ID-8,Benzamidine_R3,114,after,39.484
ID-8,Benzamidine_R3,115,after,39.4629
ID-8,Benzamidine_R3,116,after,39.4496
ID-8,Benzamidine_R3,117,after,39.4603
ID-8,Benzamidine_R3,118,after,39.4784
ID-8,Benzamidine_R3,119,after,39.4623
ID-8,Benzamidine_R3,120,after,39.4571
ID-8,Benzamidine_R3,121,after,39.4519
ID-8,Benzamidine_R3,122,after,39.4815
ID-8,Benzamidine_R3,123,after,39.4671
ID-8,Benzamidine_R3,124,after,39.4552
ID-8,Benzamidine_R3,125,after,39.4566
ID-8,Benzamidine_R3,126,after,39.4725
ID-8,Benzamidine_R3,127,after,39.4653
ID-8,Benzamidine_R3,128,after,39.4468
ID-8,Benzamidine_R3,129,after,39.4348
ID-8,Benzamidine_R3,130,after,39.454
ID-8,Benzamidine_R3,131,after,39.4542
ID-8,Benzamidine_R3,132,after,39.4496
ID-8,Benzamidine_R3,133,after,39.4493
ID-8,Benzamidine_R3,134,after,39.4606
ID-8,Benzamidine_R3,135,after,39.4602
ID-8,Benzamidine_R3,136,after,39.4541
ID-8,Benzamidine_R3,137,after,39.4459
ID-8,Benzamidine_R3,138,after,39.4317
ID-8,Benzamidine_R3,139,after,39.4706
ID-8,Benzamidine_R3,140,after,39.4622
ID-8,Benzamidine_R3,141,after,39.4381
ID-8,Benzamidine_R3,142,after,39.4579
ID-8,Benzamidine_R3,143,after,39.4581
ID-8,Benzamidine_R3,144,after,39.4422
ID-8,Benzamidine_R3,145,after,39.4316
ID-8,Benzamidine_R3,146,after,39.4585
ID-8,Benzamidine_R3,147,after,39.4461
ID-8,Benzamidine_R3,148,after,39.4269
ID-8,Benzamidine_R3,149,after,39.4323
ID-8,Benzamidine_R3,150,after,39.4477
ID-8,Benzamidine_R3,151,after,39.2801
ID-9,SKTI_R1,1,before,39.0128
ID-9,SKTI_R1,2,before,39.2525
ID-9,SKTI_R1,3,before,39.4375
ID-9,SKTI_R1,4,before,39.4364
ID-9,SKTI_R1,5,before,39.3819
ID-9,SKTI_R1,6,before,39.4229
ID-9,SKTI_R1,7,before,39.292
ID-9,SKTI_R1,8,before,39.391
ID-9,SKTI_R1,9,before,39.4508
ID-9,SKTI_R1,10,before,39.4429
ID-9,SKTI_R1,11,before,39.4951
ID-9,SKTI_R1,12,before,39.4103
ID-9,SKTI_R1,13,before,39.4685
ID-9,SKTI_R1,14,before,39.4982
ID-9,SKTI_R1,15,before,39.4917
ID-9,SKTI_R1,16,before,39.5514
ID-9,SKTI_R1,17,before,39.5572
ID-9,SKTI_R1,18,before,39.5516
ID-9,SKTI_R1,19,before,39.5693
ID-9,SKTI_R1,20,before,39.5629
ID-9,SKTI_R1,21,before,39.5674
ID-9,SKTI_R1,22,before,39.5522
ID-9,SKTI_R1,23,before,39.5503
ID-9,SKTI_R1,24,before,39.5602
ID-9,SKTI_R1,25,before,39.5733
ID-9,SKTI_R1,26,before,39.5619
ID-9,SKTI_R1,27,before,39.5123
ID-9,SKTI_R1,28,before,39.5141
ID-9,SKTI_R1,29,before,39.5422
ID-9,SKTI_R1,30,before,39.532
ID-9,SKTI_R1,31,before,39.5504
ID-9,SKTI_R1,32,before,39.4833
ID-9,SKTI_R1,33,before,39.4736
ID-9,SKTI_R1,34,before,39.501
ID-9,SKTI_R1,35,before,39.3736
ID-9,SKTI_R1,36,before,39.5066
ID-9,SKTI_R1,37,before,39.5135
ID-9,SKTI_R1,38,before,39.4779
ID-9,SKTI_R1,39,before,39.5093
ID-9,SKTI_R1,40,before,39.5152
ID-9,SKTI_R1,41,before,39.5209
ID-9,SKTI_R1,42,before,39.4893
ID-9,SKTI_R1,43,before,39.4696
ID-9,SKTI_R1,44,before,38.3562
ID-9,SKTI_R1,45,before,38.6024
ID-9,SKTI_R1,46,before,35.3636
ID-9,SKTI_R1,47,before,39.3887
ID-9,SKTI_R1,48,before,37.2515
ID-9,SKTI_R1,49,before,35.7654
ID-9,SKTI_R1,50,before,37.6669
ID-9,SKTI_R1,51,before,38.428
ID-9,SKTI_R1,52,before,36.3546
ID-9,SKTI_R1,53,before,38.3003
ID-9,SKTI_R1,54,before,37.3515
ID-9,SKTI_R1,55,before,37.7467
ID-9,SKTI_R1,56,before,36.7658
ID-9,SKTI_R1,57,before,37.7277
ID-9,SKTI_R1,58,before,38.7253
ID-9,SKTI_R1,59,before,36.1334
ID-9,SKTI_R1,60,before,37.4617
ID-9,SKTI_R1,61,before,34.5635
ID-9,SKTI_R1,62,before,35.9356
ID-9,SKTI_R1,63,before,37.183
ID-9,SKTI_R1,64,before,38.3202
ID-9,SKTI_R1,65,before,34.4631
ID-9,SKTI_R1,66,before,34.6447
ID-9,SKTI_R1,67,before,36.7424
ID-9,SKTI_R1,68,before,36.6416
ID-9,SKTI_R1,69,before,36.4243
ID-9,SKTI_R1,70,before,35.5253
ID-9,SKTI_R1,71,before,34.769
ID-9,SKTI_R1,72,before,35.6123
ID-9,SKTI_R1,73,before,36.8289
ID-9,SKTI_R1,74,before,37.3203
ID-9,SKTI_R1,75,before,37.6026
ID-9,SKTI_R1,76,before,37.8592
ID-9,SKTI_R1,77,before,38.0285
ID-9,SKTI_R1,78,before,38.1746
ID-9,SKTI_R1,79,before,38.3134
ID-9,SKTI_R1,80,before,38.4157
ID-9,SKTI_R1,81,before,38.4981
ID-9,SKTI_R1,82,before,38.6052
ID-9,SKTI_R1,83,before,38.6647
ID-9,SKTI_R1,84,before,38.6985
ID-9,SKTI_R1,85,before,38.7883
ID-9,SKTI_R1,86,before,38.8415
ID-9,SKTI_R1,87,before,38.8724
ID-9,SKTI_R1,88,before,38.915
ID-9,SKTI_R1,89,before,38.9425
ID-9,SKTI_R1,90,before,38.9691
ID-9,SKTI_R1,91,before,39.005
ID-9,SKTI_R1,92,before,39.0302
ID-9,SKTI_R1,93,before,39.0494
ID-9,SKTI_R1,94,before,39.0757
ID-9,SKTI_R1,95,before,39.0878
ID-9,SKTI_R1,96,before,39.105
ID-9,SKTI_R1,97,before,39.1258
ID-9,SKTI_R1,98,before,39.1331
ID-9,SKTI_R1,99,before,39.1407
ID-9,SKTI_R1,100,before,39.1515
ID-9,SKTI_R1,101,before,39.1512
ID-9,SKTI_R1,102,before,39.1549
ID-9,SKTI_R1,103,before,39.1676
ID-9,SKTI_R1,104,before,39.1686
ID-9,SKTI_R1,105,before,39.1721
ID-9,SKTI_R1,106,before,39.1791
ID-9,SKTI_R1,107,before,39.1785
ID-9,SKTI_R1,108,before,39.1876
ID-9,SKTI_R1,109,before,39.1885
ID-9,SKTI_R1,110,before,39.1912
ID-9,SKTI_R1,111,before,39.1925
ID-9,SKTI_R1,112,before,39.1912
ID-9,SKTI_R1,113,before,39.1934
ID-9,SKTI_R1,114,before,39.1904
ID-9,SKTI_R1,115,before,39.194
ID-9,SKTI_R1,116,before,39.1964
ID-9,SKTI_R1,117,before,39.1974
ID-9,SKTI_R1,118,before,39.1976
ID-9,SKTI_R1,119,before,39.195
ID-9,SKTI_R1,120,before,39.1912
ID-9,SKTI_R1,121,before,39.1966
ID-9,SKTI_R1,122,before,39.1924
ID-9,SKTI_R1,123,before,39.1835
ID-9,SKTI_R1,124,before,39.1883
ID-9,SKTI_R1,125,before,39.178
ID-9,SKTI_R1,126,before,39.173
ID-9,SKTI_R1,127,before,39.1694
ID-9,SKTI_R1,128,before,39.1542
ID-9,SKTI_R1,129,before,39.151
ID-9,SKTI_R1,130,before,39.1381
ID-9,SKTI_R1,131,before,39.1234
ID-9,SKTI_R1,132,before,39.1189
ID-9,SKTI_R1,133,before,39.1147
ID-9,SKTI_R1,134,before,39.095
ID-9,SKTI_R1,135,before,39.0853
ID-9,SKTI_R1,136,before,39.0735
ID-9,SKTI_R1,137,before,39.0704
ID-9,SKTI_R1,138,before,39.0593
ID-9,SKTI_R1,139,before,39.057
ID-9,SKTI_R1,140,before,39.0446
ID-9,SKTI_R1,141,before,39.0333
ID-9,SKTI_R1,142,before,39.0309
ID-9,SKTI_R1,143,before,39.0159
ID-9,SKTI_R1,144,before,39.0057
ID-9,SKTI_R1,145,before,38.9941
ID-9,SKTI_R1,146,before,38.9858
ID-9,SKTI_R1,147,before,38.8991
ID-9,SKTI_R1,148,before,38.9522
ID-9,SKTI_R1,149,before,38.9366
ID-9,SKTI_R1,150,before,38.923
ID-9,SKTI_R1,151,before,38.5553
ID-9,SKTI_R1,1,after,38.9133
ID-9,SKTI_R1,2,after,39.3232
ID-9,SKTI_R1,3,after,39.4367
ID-9,SKTI_R1,4,after,39.4522
ID-9,SKTI_R1,5,after,39.4498
ID-9,SKTI_R1,6,after,39.4614
ID-9,SKTI_R1,7,after,39.3745
ID-9,SKTI_R1,8,after,39.4252
ID-9,SKTI_R1,9,after,39.4647
ID-9,SKTI_R1,10,after,39.4627
ID-9,SKTI_R1,11,after,39.5073
ID-9,SKTI_R1,12,after,39.4585
ID-9,SKTI_R1,13,after,39.4813
ID-9,SKTI_R1,14,after,39.4743
ID-9,SKTI_R1,15,after,39.5001
ID-9,SKTI_R1,16,after,39.5529
ID-9,SKTI_R1,17,after,39.574
ID-9,SKTI_R1,18,after,39.5472
ID-9,SKTI_R1,19,after,39.5533
ID-9,SKTI_R1,20,after,39.5506
ID-9,SKTI_R1,21,after,39.581
ID-9,SKTI_R1,22,after,39.5738
ID-9,SKTI_R1,23,after,39.5703
ID-9,SKTI_R1,24,after,39.5752
ID-9,SKTI_R1,25,after,39.5668
ID-9,SKTI_R1,26,after,39.5475
ID-9,SKTI_R1,27,after,39.5482
ID-9,SKTI_R1,28,after,39.5468
ID-9,SKTI_R1,29,after,39.5681
ID-9,SKTI_R1,30,after,39.5371
ID-9,SKTI_R1,31,after,39.5443
ID-9,SKTI_R1,32,after,39.5496
ID-9,SKTI_R1,33,after,39.5418
ID-9,SKTI_R1,34,after,39.5439
ID-9,SKTI_R1,35,after,39.5482
ID-9,SKTI_R1,36,after,39.5482
ID-9,SKTI_R1,37,after,39.5578
ID-9,SKTI_R1,38,after,39.5627
ID-9,SKTI_R1,39,after,39.5547
ID-9,SKTI_R1,40,after,39.5571
ID-9,SKTI_R1,41,after,39.5556
ID-9,SKTI_R1,42,after,39.5484
ID-9,SKTI_R1,43,after,39.546
ID-9,SKTI_R1,44,after,39.5392
ID-9,SKTI_R1,45,after,39.5186
ID-9,SKTI_R1,46,after,39.5168
ID-9,SKTI_R1,47,after,39.5569
ID-9,SKTI_R1,48,after,39.5095
ID-9,SKTI_R1,49,after,39.519
ID-9,SKTI_R1,50,after,39.4889
ID-9,SKTI_R1,51,after,39.5149
ID-9,SKTI_R1,52,after,39.466
ID-9,SKTI_R1,53,after,39.4923
ID-9,SKTI_R1,54,after,39.4734
ID-9,SKTI_R1,55,after,39.4891
ID-9,SKTI_R1,56,after,39.4825
ID-9,SKTI_R1,57,after,39.4989
ID-9,SKTI_R1,58,after,39.5133
ID-9,SKTI_R1,59,after,39.4929
ID-9,SKTI_R1,60,after,39.4968
ID-9,SKTI_R1,61,after,39.4544
ID-9,SKTI_R1,62,after,39.4755
ID-9,SKTI_R1,63,after,39.4902
ID-9,SKTI_R1,64,after,39.5068
ID-9,SKTI_R1,65,after,39.4522
ID-9,SKTI_R1,66,after,39.4622
ID-9,SKTI_R1,67,after,39.4122
ID-9,SKTI_R1,68,after,39.4652
ID-9,SKTI_R1,69,after,39.468
ID-9,SKTI_R1,70,after,39.4584
ID-9,SKTI_R1,71,after,39.4521
ID-9,SKTI_R1,72,after,39.4638
ID-9,SKTI_R1,73,after,39.4866
ID-9,SKTI_R1,74,after,39.4902
ID-9,SKTI_R1,75,after,39.4491
ID-9,SKTI_R1,76,after,39.49
ID-9,SKTI_R1,77,after,39.4786
ID-9,SKTI_R1,78,after,39.4784
ID-9,SKTI_R1,79,after,39.476
ID-9,SKTI_R1,80,after,39.4684
ID-9,SKTI_R1,81,after,39.4683
ID-9,SKTI_R1,82,after,39.4694
ID-9,SKTI_R1,83,after,39.4686
ID-9,SKTI_R1,84,after,39.4246
ID-9,SKTI_R1,85,after,39.4551
ID-9,SKTI_R1,86,after,39.4585
ID-9,SKTI_R1,87,after,39.4486
ID-9,SKTI_R1,88,after,39.4523
ID-9,SKTI_R1,89,after,39.4408
ID-9,SKTI_R1,90,after,39.4373
ID-9,SKTI_R1,91,after,39.4378
ID-9,SKTI_R1,92,after,39.4366
ID-9,SKTI_R1,93,after,39.4326
ID-9,SKTI_R1,94,after,39.436
ID-9,SKTI_R1,95,after,39.4271
ID-9,SKTI_R1,96,after,39.426
ID-9,SKTI_R1,97,after,39.4298
ID-9,SKTI_R1,98,after,39.4239
ID-9,SKTI_R1,99,after,39.4205
ID-9,SKTI_R1,100,after,39.42
ID-9,SKTI_R1,101,after,39.4125
ID-9,SKTI_R1,102,after,39.4095
ID-9,SKTI_R1,103,after,39.4155
ID-9,SKTI_R1,104,after,39.4102
ID-9,SKTI_R1,105,after,39.4053
ID-9,SKTI_R1,106,after,39.4049
ID-9,SKTI_R1,107,after,39.3994
ID-9,SKTI_R1,108,after,39.4007
ID-9,SKTI_R1,109,after,39.3978
ID-9,SKTI_R1,110,after,39.394
ID-9,SKTI_R1,111,after,39.3916
ID-9,SKTI_R1,112,after,39.3844
ID-9,SKTI_R1,113,after,39.3819
ID-9,SKTI_R1,114,after,39.3773
ID-9,SKTI_R1,115,after,39.3749
ID-9,SKTI_R1,116,after,39.375
ID-9,SKTI_R1,117,after,39.3738
ID-9,SKTI_R1,118,after,39.372
ID-9,SKTI_R1,119,after,39.3682
ID-9,SKTI_R1,120,after,39.3638
ID-9,SKTI_R1,121,after,39.3678
ID-9,SKTI_R1,122,after,39.365
ID-9,SKTI_R1,123,after,39.3551
ID-9,SKTI_R1,124,after,39.3595
ID-9,SKTI_R1,125,after,39.3513
ID-9,SKTI_R1,126,after,39.3501
ID-9,SKTI_R1,127,after,39.3477
ID-9,SKTI_R1,128,after,39.3374
ID-9,SKTI_R1,129,after,39.3425
ID-9,SKTI_R1,130,after,39.3376
ID-9,SKTI_R1,131,after,39.3297
ID-9,SKTI_R1,132,after,39.3355
ID-9,SKTI_R1,133,after,39.3393
ID-9,SKTI_R1,134,after,39.328
ID-9,SKTI_R1,135,after,39.325
ID-9,SKTI_R1,136,after,39.3156
ID-9,SKTI_R1,137,after,39.3167
ID-9,SKTI_R1,138,after,39.311
ID-9,SKTI_R1,139,after,39.312
ID-9,SKTI_R1,140,after,39.3055
ID-9,SKTI_R1,141,after,39.2988
ID-9,SKTI_R1,142,after,39.301
ID-9,SKTI_R1,143,after,39.2947
ID-9,SKTI_R1,144,after,39.292
ID-9,SKTI_R1,145,after,39.2867
ID-9,SKTI_R1,146,after,39.2887
ID-9,SKTI_R1,147,after,39.2124
ID-9,SKTI_R1,148,after,39.2763
ID-9,SKTI_R1,149,after,39.2731
ID-9,SKTI_R1,150,after,39.2719
ID-9,SKTI_R1,151,after,38.8713
ID-10,SKTI_R2,1,before,39.0437
ID-10,SKTI_R2,2,before,39.1673
ID-10,SKTI_R2,3,before,39.3971
ID-10,SKTI_R2,4,before,39.419
ID-10,SKTI_R2,5,before,39.3347
ID-10,SKTI_R2,6,before,39.3688
ID-10,SKTI_R2,7,before,39.1882
ID-10,SKTI_R2,8,before,39.3647
ID-10,SKTI_R2,9,before,39.4134
ID-10,SKTI_R2,10,before,39.3874
ID-10,SKTI_R2,11,before,39.4612
ID-10,SKTI_R2,12,before,39.2667
ID-10,SKTI_R2,13,before,39.4292
ID-10,SKTI_R2,14,before,39.5035
ID-10,SKTI_R2,15,before,39.4627
ID-10,SKTI_R2,16,before,39.5243
ID-10,SKTI_R2,17,before,39.5197
ID-10,SKTI_R2,18,before,39.5317
ID-10,SKTI_R2,19,before,39.5487
ID-10,SKTI_R2,20,before,39.5539
ID-10,SKTI_R2,21,before,39.5314
ID-10,SKTI_R2,22,before,39.5077
ID-10,SKTI_R2,23,before,39.5151
ID-10,SKTI_R2,24,before,39.4773
ID-10,SKTI_R2,25,before,39.5626
ID-10,SKTI_R2,26,before,39.5306
ID-10,SKTI_R2,27,before,39.3538
ID-10,SKTI_R2,28,before,39.4666
ID-10,SKTI_R2,29,before,39.4967
ID-10,SKTI_R2,30,before,39.4988
ID-10,SKTI_R2,31,before,39.5095
ID-10,SKTI_R2,32,before,39.432
ID-10,SKTI_R2,33,before,39.4752
ID-10,SKTI_R2,34,before,39.4891
ID-10,SKTI_R2,35,before,39.4392
ID-10,SKTI_R2,36,before,39.5343
ID-10,SKTI_R2,37,before,39.4244
ID-10,SKTI_R2,38,before,39.4576
ID-10,SKTI_R2,39,before,38.8143
ID-10,SKTI_R2,40,before,39.4507
ID-10,SKTI_R2,41,before,39.4419
ID-10,SKTI_R2,42,before,39.3819
ID-10,SKTI_R2,43,before,39.3185
ID-10,SKTI_R2,44,before,37.0191
ID-10,SKTI_R2,45,before,37.4268
ID-10,SKTI_R2,46,before,35.3708
ID-10,SKTI_R2,47,before,39.0028
ID-10,SKTI_R2,48,before,33.2301
ID-10,SKTI_R2,49,before,35.1721
ID-10,SKTI_R2,50,before,32.0406
ID-10,SKTI_R2,51,before,36.071
ID-10,SKTI_R2,52,before,32.2151
ID-10,SKTI_R2,53,before,31.7922
ID-10,SKTI_R2,54,before,32.6411
ID-10,SKTI_R2,55,before,30.9008
ID-10,SKTI_R2,56,before,30.2911
ID-10,SKTI_R2,57,before,31.9306
ID-10,SKTI_R2,58,before,33.9633
ID-10,SKTI_R2,59,before,30.5731
ID-10,SKTI_R2,60,before,32.4445
ID-10,SKTI_R2,61,before,30.6124
ID-10,SKTI_R2,62,before,30.0835
ID-10,SKTI_R2,63,before,31.9319
ID-10,SKTI_R2,64,before,33.5784
ID-10,SKTI_R2,65,before,31.4523
ID-10,SKTI_R2,66,before,30.093
ID-10,SKTI_R2,67,before,30.01
ID-10,SKTI_R2,68,before,30.7002
ID-10,SKTI_R2,69,before,31.1986
ID-10,SKTI_R2,70,before,30.9841
ID-10,SKTI_R2,71,before,30.4535
ID-10,SKTI_R2,72,before,30.9531
ID-10,SKTI_R2,73,before,32.7434
ID-10,SKTI_R2,74,before,33.6485
ID-10,SKTI_R2,75,before,33.9759
ID-10,SKTI_R2,76,before,34.1242
ID-10,SKTI_R2,77,before,34.1943
ID-10,SKTI_R2,78,before,34.2294
ID-10,SKTI_R2,79,before,34.2653
ID-10,SKTI_R2,80,before,34.2986
ID-10,SKTI_R2,81,before,34.3587
ID-10,SKTI_R2,82,before,34.449
ID-10,SKTI_R2,83,before,34.5691
ID-10,SKTI_R2,84,before,34.7088
ID-10,SKTI_R2,85,before,35
ID-10,SKTI_R2,86,before,35.2904
ID-10,SKTI_R2,87,before,35.6207
ID-10,SKTI_R2,88,before,35.9844
ID-10,SKTI_R2,89,before,36.3099
ID-10,SKTI_R2,90,before,36.6309
ID-10,SKTI_R2,91,before,36.9359
ID-10,SKTI_R2,92,before,37.1703
ID-10,SKTI_R2,93,before,37.3476
ID-10,SKTI_R2,94,before,37.5282
ID-10,SKTI_R2,95,before,37.658
ID-10,SKTI_R2,96,before,37.7881
ID-10,SKTI_R2,97,before,37.9189
ID-10,SKTI_R2,98,before,38.0191
ID-10,SKTI_R2,99,before,38.1086
ID-10,SKTI_R2,100,before,38.2083
ID-10,SKTI_R2,101,before,38.2626
ID-10,SKTI_R2,102,before,38.3309
ID-10,SKTI_R2,103,before,38.4134
ID-10,SKTI_R2,104,before,38.469
ID-10,SKTI_R2,105,before,38.5278
ID-10,SKTI_R2,106,before,38.5856
ID-10,SKTI_R2,107,before,38.6291
ID-10,SKTI_R2,108,before,38.677
ID-10,SKTI_R2,109,before,38.7082
ID-10,SKTI_R2,110,before,38.7412
ID-10,SKTI_R2,111,before,38.7631
ID-10,SKTI_R2,112,before,38.7832
ID-10,SKTI_R2,113,before,38.8044
ID-10,SKTI_R2,114,before,38.8157
ID-10,SKTI_R2,115,before,38.8385
ID-10,SKTI_R2,116,before,38.852
ID-10,SKTI_R2,117,before,38.8636
ID-10,SKTI_R2,118,before,38.875
ID-10,SKTI_R2,119,before,38.878
ID-10,SKTI_R2,120,before,38.8773
ID-10,SKTI_R2,121,before,38.8902
ID-10,SKTI_R2,122,before,38.8856
ID-10,SKTI_R2,123,before,38.8786
ID-10,SKTI_R2,124,before,38.8838
ID-10,SKTI_R2,125,before,38.8711
ID-10,SKTI_R2,126,before,38.8574
ID-10,SKTI_R2,127,before,38.8521
ID-10,SKTI_R2,128,before,38.8275
ID-10,SKTI_R2,129,before,38.8179
ID-10,SKTI_R2,130,before,38.7922
ID-10,SKTI_R2,131,before,38.7693
ID-10,SKTI_R2,132,before,38.7622
ID-10,SKTI_R2,133,before,38.757
ID-10,SKTI_R2,134,before,38.7377
ID-10,SKTI_R2,135,before,38.7294
ID-10,SKTI_R2,136,before,38.7192
ID-10,SKTI_R2,137,before,38.7195
ID-10,SKTI_R2,138,before,38.7106
ID-10,SKTI_R2,139,before,38.7091
ID-10,SKTI_R2,140,before,38.6985
ID-10,SKTI_R2,141,before,38.6866
ID-10,SKTI_R2,142,before,38.6904
ID-10,SKTI_R2,143,before,38.6737
ID-10,SKTI_R2,144,before,38.6667
ID-10,SKTI_R2,145,before,38.6555
ID-10,SKTI_R2,146,before,38.6454
ID-10,SKTI_R2,147,before,38.562
ID-10,SKTI_R2,148,before,38.6104
ID-10,SKTI_R2,149,before,38.5942
ID-10,SKTI_R2,150,before,38.5771
ID-10,SKTI_R2,151,before,38.3038
ID-10,SKTI_R2,1,after,38.7962
ID-10,SKTI_R2,2,after,39.2888
ID-10,SKTI_R2,3,after,39.3925
ID-10,SKTI_R2,4,after,39.3864
ID-10,SKTI_R2,5,after,39.4378
ID-10,SKTI_R2,6,after,39.4234
ID-10,SKTI_R2,7,after,39.3323
ID-10,SKTI_R2,8,after,39.3999
ID-10,SKTI_R2,9,after,39.4146
ID-10,SKTI_R2,10,after,39.4149
ID-10,SKTI_R2,11,after,39.4579
ID-10,SKTI_R2,12,after,39.4062
ID-10,SKTI_R2,13,after,39.436
ID-10,SKTI_R2,14,after,39.4261
ID-10,SKTI_R2,15,after,39.4557
ID-10,SKTI_R2,16,after,39.5167
ID-10,SKTI_R2,17,after,39.5395
ID-10,SKTI_R2,18,after,39.5055
ID-10,SKTI_R2,19,after,39.5103
ID-10,SKTI_R2,20,after,39.5075
ID-10,SKTI_R2,21,after,39.5421
ID-10,SKTI_R2,22,after,39.5342
ID-10,SKTI_R2,23,after,39.5319
ID-10,SKTI_R2,24,after,39.5394
ID-10,SKTI_R2,25,after,39.5334
ID-10,SKTI_R2,26,after,39.5125
ID-10,SKTI_R2,27,after,39.5133
ID-10,SKTI_R2,28,after,39.5113
ID-10,SKTI_R2,29,after,39.5341
ID-10,SKTI_R2,30,after,39.5015
ID-10,SKTI_R2,31,after,39.5082
ID-10,SKTI_R2,32,after,39.5139
ID-10,SKTI_R2,33,after,39.5037
ID-10,SKTI_R2,34,after,39.5081
ID-10,SKTI_R2,35,after,39.514
ID-10,SKTI_R2,36,after,39.516
ID-10,SKTI_R2,37,after,39.524
ID-10,SKTI_R2,38,after,39.5316
ID-10,SKTI_R2,39,after,39.5231
ID-10,SKTI_R2,40,after,39.5278
ID-10,SKTI_R2,41,after,39.5245
ID-10,SKTI_R2,42,after,39.5157
ID-10,SKTI_R2,43,after,39.5129
ID-10,SKTI_R2,44,after,39.509
ID-10,SKTI_R2,45,after,39.4864
ID-10,SKTI_R2,46,after,39.4861
ID-10,SKTI_R2,47,after,39.5254
ID-10,SKTI_R2,48,after,39.4767
ID-10,SKTI_R2,49,after,39.487
ID-10,SKTI_R2,50,after,39.4538
ID-10,SKTI_R2,51,after,39.4802
ID-10,SKTI_R2,52,after,39.43
ID-10,SKTI_R2,53,after,39.4645
ID-10,SKTI_R2,54,after,39.4375
ID-10,SKTI_R2,55,after,39.4532
ID-10,SKTI_R2,56,after,39.4507
ID-10,SKTI_R2,57,after,39.4665
ID-10,SKTI_R2,58,after,39.4822
ID-10,SKTI_R2,59,after,39.4605
ID-10,SKTI_R2,60,after,39.4626
ID-10,SKTI_R2,61,after,39.4163
ID-10,SKTI_R2,62,after,39.4427
ID-10,SKTI_R2,63,after,39.4582
ID-10,SKTI_R2,64,after,39.4749
ID-10,SKTI_R2,65,after,39.4174
ID-10,SKTI_R2,66,after,39.4263
ID-10,SKTI_R2,67,after,39.3784
ID-10,SKTI_R2,68,after,39.4302
ID-10,SKTI_R2,69,after,39.4332
ID-10,SKTI_R2,70,after,39.4258
ID-10,SKTI_R2,71,after,39.4201
ID-10,SKTI_R2,72,after,39.4291
ID-10,SKTI_R2,73,after,39.4564
ID-10,SKTI_R2,74,after,39.458
ID-10,SKTI_R2,75,after,39.4162
ID-10,SKTI_R2,76,after,39.4572
ID-10,SKTI_R2,77,after,39.4456
ID-10,SKTI_R2,78,after,39.4468
ID-10,SKTI_R2,79,after,39.4429
ID-10,SKTI_R2,80,after,39.4318
ID-10,SKTI_R2,81,after,39.4332
ID-10,SKTI_R2,82,after,39.4324
ID-10,SKTI_R2,83,after,39.4353
ID-10,SKTI_R2,84,after,39.3921
ID-10,SKTI_R2,85,after,39.4212
ID-10,SKTI_R2,86,after,39.4268
ID-10,SKTI_R2,87,after,39.4125
ID-10,SKTI_R2,88,after,39.4198
ID-10,SKTI_R2,89,after,39.4066
ID-10,SKTI_R2,90,after,39.4
ID-10,SKTI_R2,91,after,39.4018
ID-10,SKTI_R2,92,after,39.401
ID-10,SKTI_R2,93,after,39.3942
ID-10,SKTI_R2,94,after,39.4005
ID-10,SKTI_R2,95,after,39.3926
ID-10,SKTI_R2,96,after,39.3937
ID-10,SKTI_R2,97,after,39.3971
ID-10,SKTI_R2,98,after,39.3901
ID-10,SKTI_R2,99,after,39.3864
ID-10,SKTI_R2,100,after,39.388
ID-10,SKTI_R2,101,after,39.3748
ID-10,SKTI_R2,102,after,39.3726
ID-10,SKTI_R2,103,after,39.3802
ID-10,SKTI_R2,104,after,39.3762
ID-10,SKTI_R2,105,after,39.3658
ID-10,SKTI_R2,106,after,39.3671
ID-10,SKTI_R2,107,after,39.3626
ID-10,SKTI_R2,108,after,39.3634
ID-10,SKTI_R2,109,after,39.3613
ID-10,SKTI_R2,110,after,39.3575
ID-10,SKTI_R2,111,after,39.3524
ID-10,SKTI_R2,112,after,39.3446
ID-10,SKTI_R2,113,after,39.3409
ID-10,SKTI_R2,114,after,39.3386
ID-10,SKTI_R2,115,after,39.3399
ID-10,SKTI_R2,116,after,39.3369
ID-10,SKTI_R2,117,after,39.3361
ID-10,SKTI_R2,118,after,39.3373
ID-10,SKTI_R2,119,after,39.3338
ID-10,SKTI_R2,120,after,39.3274
ID-10,SKTI_R2,121,after,39.3313
ID-10,SKTI_R2,122,after,39.3282
ID-10,SKTI_R2,123,after,39.3178
ID-10,SKTI_R2,124,after,39.3223
ID-10,SKTI_R2,125,after,39.3144
ID-10,SKTI_R2,126,after,39.3106
ID-10,SKTI_R2,127,after,39.3108
ID-10,SKTI_R2,128,after,39.3
ID-10,SKTI_R2,129,after,39.3067
ID-10,SKTI_R2,130,after,39.2977
ID-10,SKTI_R2,131,after,39.2923
ID-10,SKTI_R2,132,after,39.2984
ID-10,SKTI_R2,133,after,39.3033
ID-10,SKTI_R2,134,after,39.2918
ID-10,SKTI_R2,135,after,39.2895
ID-10,SKTI_R2,136,after,39.2792
ID-10,SKTI_R2,137,after,39.2808
ID-10,SKTI_R2,138,after,39.2762
ID-10,SKTI_R2,139,after,39.274
ID-10,SKTI_R2,140,after,39.2693
ID-10,SKTI_R2,141,after,39.261
ID-10,SKTI_R2,142,after,39.2664
ID-10,SKTI_R2,143,after,39.2592
ID-10,SKTI_R2,144,after,39.2578
ID-10,SKTI_R2,145,after,39.2518
ID-10,SKTI_R2,146,after,39.2527
ID-10,SKTI_R2,147,after,39.1793
ID-10,SKTI_R2,148,after,39.2407
ID-10,SKTI_R2,149,after,39.238
ID-10,SKTI_R2,150,after,39.2351
ID-10,SKTI_R2,151,after,38.8292
